17180308,2017-12-20,1,627812-B21,HP 16GB Dual Rank Memory Kit,36136400Z2S,1,20,MW/GST/1718/271,2018-12-19,1,2019-12-18
17180308,2017-12-20,1,627812-B21,HP 16GB Dual Rank Memory Kit,0V12140143F,1,20,MW/GST/1718/271,2018-12-19,1,2019-12-18
17180308,2017-12-20,1,627812-B21,HP 16GB Dual Rank Memory Kit,RBQQUCDXV4D04X,1,20,MW/GST/1718/271,2018-12-19,1,2019-12-18
17180308,2017-12-20,1,627812-B21,HP 16GB Dual Rank Memory Kit,RBQQUCDXV4D04X,1,20,MW/GST/1718/271,2018-12-19,1,2019-12-18
17180308,2017-12-20,1,627812-B21,HP 16GB Dual Rank Memory Kit,RBQQUCDXV4D062,1,20,MW/GST/1718/271,2018-12-19,1,2019-12-18
17180308,2017-12-20,1,627812-B21,HP 16GB Dual Rank Memory Kit,RBQQUCDXV4D04B,1,20,MW/GST/1718/271,2018-12-19,1,2019-12-18
17180308,2017-12-20,1,627812-B21,HP 16GB Dual Rank Memory Kit,RBQQUCDXV4D05M,1,20,MW/GST/1718/271,2018-12-19,1,2019-12-18
17180308,2017-12-20,1,627812-B21,HP 16GB Dual Rank Memory Kit,RBQQUCDXV4D055,1,20,MW/GST/1718/271,2018-12-19,1,2019-12-18
17180308,2017-12-20,1,627812-B21,HP 16GB Dual Rank Memory Kit,RBQQUCDXV4D04T,1,20,MW/GST/1718/271,2018-12-19,1,2019-12-18
17180308,2017-12-20,1,627812-B21,HP 16GB Dual Rank Memory Kit,RBQQUCDXV4D07G,1,20,MW/GST/1718/271,2018-12-19,1,2019-12-18
17180308,2017-12-20,1,627812-B21,HP 16GB Dual Rank Memory Kit,RBQQUCDXV4D05D,1,20,MW/GST/1718/271,2018-12-19,1,2019-12-18
17180308,2017-12-20,1,627812-B21,HP 16GB Dual Rank Memory Kit,RBQQU04YX4L209,1,20,MW/GST/1718/271,2018-12-19,1,2019-12-18
17180308,2017-12-20,1,627812-B21,HP 16GB Dual Rank Memory Kit,RBQQU04XV1U00X,1,20,MW/GST/1718/271,2018-12-19,1,2019-12-18
17180308,2017-12-20,1,627812-B21,HP 16GB Dual Rank Memory Kit,RBQQU04XV1U018,1,20,MW/GST/1718/271,2018-12-19,1,2019-12-18
17180308,2017-12-20,1,627812-B21,HP 16GB Dual Rank Memory Kit,RBQQU04XV1U01J,1,20,MW/GST/1718/271,2018-12-19,1,2019-12-18
17180308,2017-12-20,1,627812-B21,HP 16GB Dual Rank Memory Kit,RBQQU04XV1U01K,1,20,MW/GST/1718/271,2018-12-19,1,2019-12-18
17180308,2017-12-20,1,627812-B21,HP 16GB Dual Rank Memory Kit,RBQQU04XV1U00V,1,20,MW/GST/1718/271,2018-12-19,1,2019-12-18
17180308,2017-12-20,1,627812-B21,HP 16GB Dual Rank Memory Kit,RBQQU04XV1U0BF,1,20,MW/GST/1718/271,2018-12-19,1,2019-12-18
17180308,2017-12-20,1,627812-B21,HP 16GB Dual Rank Memory Kit,RBQQU04XV1U016,1,20,MW/GST/1718/271,2018-12-19,1,2019-12-18
17180308,2017-12-20,1,627812-B21,HP 16GB Dual Rank Memory Kit,RBQQU04XV1U09Q,1,20,MW/GST/1718/271,2018-12-19,1,2019-12-18
17180308,2017-12-20,1,627812-B21,HP 16GB Dual Rank Memory Kit,RBQQUCDXV4D05Y,1,20,MW/GST/1718/271,2018-12-19,1,2019-12-18
17180308,2017-12-20,1,627812-B21,HP 16GB Dual Rank Memory Kit,RBQQUCDXV4D04L,1,20,MW/GST/1718/271,2018-12-19,1,2019-12-18
17180308,2017-12-20,1,627812-B21,HP 16GB Dual Rank Memory Kit,RBQQU04XV1U0B6,1,20,MW/GST/1718/271,2018-12-19,1,2019-12-18
17180308,2017-12-20,1,627812-B21,HP 16GB Dual Rank Memory Kit,RBQQU04HR5T0PG,1,20,MW/GST/1718/271,2018-12-19,1,2019-12-18
18190255,2018-08-27,41,693648-B21,HP 1.2TB 6G SAS 10K HDD,THP325H0CD,1,20,MW/GST1819/846,2018-08-23,1,2019-08-22
18190255,2018-08-27,41,693648-B21,HP 1.2TB 6G SAS 10K HDD,THP325H0D1,1,20,MW/GST1819/846,2018-08-23,1,2019-08-22
18190255,2018-08-27,41,693648-B21,HP 1.2TB 6G SAS 10K HDD,THP325H0BF,1,20,MW/GST1819/846,2018-08-23,1,2019-08-22
18190255,2018-08-27,41,693648-B21,HP 1.2TB 6G SAS 10K HDD,THP325H0CC,1,20,MW/GST1819/846,2018-08-23,1,2019-08-22
18190255,2018-08-27,41,693648-B21,HP 1.2TB 6G SAS 10K HDD,THP325H0BM,1,20,MW/GST1819/846,2018-08-23,1,2019-08-22
18190255,2018-08-27,41,693648-B21,HP 1.2TB 6G SAS 10K HDD,THP325H0BP,1,20,MW/GST1819/846,2018-08-23,1,2019-08-22
18190255,2018-08-27,41,693648-B21,HP 1.2TB 6G SAS 10K HDD,THP325H0BS,1,20,MW/GST1819/846,2018-08-23,1,2019-08-22
18190255,2018-08-27,41,693648-B21,HP 1.2TB 6G SAS 10K HDD,THP325H0CH,1,20,MW/GST1819/846,2018-08-23,1,2019-08-22
18190255,2018-08-27,41,693648-B21,HP 1.2TB 6G SAS 10K HDD,KZGSRERE,1,20,MW/GST1819/846,2018-08-23,1,2019-08-22
18190255,2018-08-27,41,693648-B21,HP 1.2TB 6G SAS 10K HDD,KZGSTV2E,1,20,MW/GST1819/846,2018-08-23,1,2019-08-22
