18190668,2019-03-26,18,  -,EXIDE MAKE SMF 12V BATTERY 120AH,4OK052407011037,1,30,AR1819A/1683,2019-03-14,1,2020-03-12
18190668,2019-03-26,18,  -,EXIDE MAKE SMF 12V BATTERY 120AH,4OK052401010871,1,30,AR1819A/1683,2019-03-14,1,2020-03-12
18190668,2019-03-26,18,  -,EXIDE MAKE SMF 12V BATTERY 120AH,4OK052401010923,1,30,AR1819A/1683,2019-03-14,1,2020-03-12
18190668,2019-03-26,18,  -,EXIDE MAKE SMF 12V BATTERY 120AH,4OK052401010873,1,30,AR1819A/1683,2019-03-14,1,2020-03-12
18190668,2019-03-26,18,  -,EXIDE MAKE SMF 12V BATTERY 120AH,4OK052401010894,1,30,AR1819A/1683,2019-03-14,1,2020-03-12
18190668,2019-03-26,18,  -,EXIDE MAKE SMF 12V BATTERY 120AH,4OK052401010892,1,30,AR1819A/1683,2019-03-14,1,2020-03-12
18190668,2019-03-26,18,  -,EXIDE MAKE SMF 12V BATTERY 120AH,4OK052401010897,1,30,AR1819A/1683,2019-03-14,1,2020-03-12
18190668,2019-03-26,18,  -,EXIDE MAKE SMF 12V BATTERY 120AH,4OK052401010895,1,30,AR1819A/1683,2019-03-14,1,2020-03-12
18190668,2019-03-26,18,  -,EXIDE MAKE SMF 12V BATTERY 120AH,4OK052517011892,1,30,AR1819A/1683,2019-03-14,1,2020-03-12
18190668,2019-03-26,18,  -,EXIDE MAKE SMF 12V BATTERY 120AH,4OK052517011889,1,30,AR1819A/1683,2019-03-14,1,2020-03-12
18190668,2019-03-26,18,  -,EXIDE MAKE SMF 12V BATTERY 120AH,4OK052517011834,1,30,AR1819A/1683,2019-03-14,1,2020-03-12
18190668,2019-03-26,18,  -,EXIDE MAKE SMF 12V BATTERY 120AH,4OK052401010870,1,30,AR1819A/1683,2019-03-14,1,2020-03-12
18190668,2019-03-26,18,  -,EXIDE MAKE SMF 12V BATTERY 120AH,4OK052401010907,1,30,AR1819A/1683,2019-03-14,1,2020-03-12
18190668,2019-03-26,18,  -,EXIDE MAKE SMF 12V BATTERY 120AH,4OK052401010908,1,30,AR1819A/1683,2019-03-14,1,2020-03-12
18190668,2019-03-26,18,  -,EXIDE MAKE SMF 12V BATTERY 120AH,4OK052401010924,1,30,AR1819A/1683,2019-03-14,1,2020-03-12
18190668,2019-03-26,18,  -,EXIDE MAKE SMF 12V BATTERY 120AH,4OK052517011822,1,30,AR1819A/1683,2019-03-14,1,2020-03-12
18190668,2019-03-26,18,  -,EXIDE MAKE SMF 12V BATTERY 120AH,4OK052517011831,1,30,AR1819A/1683,2019-03-14,1,2020-03-12
18190668,2019-03-26,18,  -,EXIDE MAKE SMF 12V BATTERY 120AH,4OK052517011898,1,30,AR1819A/1683,2019-03-14,1,2020-03-12
18190668,2019-03-26,18,  -,EXIDE MAKE SMF 12V BATTERY 120AH,4OK052517011833,1,30,AR1819A/1683,2019-03-14,1,2020-03-12
18190668,2019-03-26,18,  -,EXIDE MAKE SMF 12V BATTERY 120AH,4OK052517011900,1,30,AR1819A/1683,2019-03-14,1,2020-03-12
18190668,2019-03-26,18,  -,EXIDE MAKE SMF 12V BATTERY 120AH,4OK052401010882,1,30,AR1819A/1683,2019-03-14,1,2020-03-12
18190668,2019-03-26,18,  -,EXIDE MAKE SMF 12V BATTERY 120AH,4OK052401010902,1,30,AR1819A/1683,2019-03-14,1,2020-03-12
18190668,2019-03-26,18,  -,EXIDE MAKE SMF 12V BATTERY 120AH,4OK052517011835,1,30,AR1819A/1683,2019-03-14,1,2020-03-12
18190668,2019-03-26,18,  -,EXIDE MAKE SMF 12V BATTERY 120AH,4OK052517011891,1,30,AR1819A/1683,2019-03-14,1,2020-03-12
18190668,2019-03-26,18,  -,EXIDE MAKE SMF 12V BATTERY 120AH,4OK052517011894,1,30,AR1819A/1683,2019-03-14,1,2020-03-12
18190668,2019-03-26,18,  -,EXIDE MAKE SMF 12V BATTERY 120AH,4OK052301010044,1,30,AR1819A/1683,2019-03-14,1,2020-03-12
18190668,2019-03-26,18,  -,EXIDE MAKE SMF 12V BATTERY 120AH,4OK052301010054,1,30,AR1819A/1683,2019-03-14,1,2020-03-12
18190668,2019-03-26,18,  -,EXIDE MAKE SMF 12V BATTERY 120AH,4OK052301010045,1,30,AR1819A/1683,2019-03-14,1,2020-03-12
18190668,2019-03-26,18,  -,EXIDE MAKE SMF 12V BATTERY 120AH,4OK052302010068,1,30,AR1819A/1683,2019-03-14,1,2020-03-12
18190668,2019-03-26,18,  -,EXIDE MAKE SMF 12V BATTERY 120AH,4OK052302010059,1,30,AR1819A/1683,2019-03-14,1,2020-03-12
18190668,2019-03-26,18,  -,EXIDE MAKE SMF 12V BATTERY 120AH,4OK052302010066,1,30,AR1819A/1683,2019-03-14,1,2020-03-12
18190668,2019-03-26,18,  -,EXIDE MAKE SMF 12V BATTERY 120AH,4OK052301010043,1,30,AR1819A/1683,2019-03-14,1,2020-03-12
18190668,2019-03-26,18,  -,EXIDE MAKE SMF 12V BATTERY 120AH,4OK052302010075,1,30,AR1819A/1683,2019-03-14,1,2020-03-12
18190668,2019-03-26,18,  -,EXIDE MAKE SMF 12V BATTERY 120AH,4OK052301010056,1,30,AR1819A/1683,2019-03-14,1,2020-03-12
18190668,2019-03-26,18,  -,EXIDE MAKE SMF 12V BATTERY 120AH,4OK052302010065,1,30,AR1819A/1683,2019-03-14,1,2020-03-12
18190668,2019-03-26,18,  -,EXIDE MAKE SMF 12V BATTERY 120AH,4OK052302010079,1,30,AR1819A/1683,2019-03-14,1,2020-03-12
18190668,2019-03-26,18,  -,EXIDE MAKE SMF 12V BATTERY 120AH,4OK052302010067,1,30,AR1819A/1683,2019-03-14,1,2020-03-12
18190668,2019-03-26,18,  -,EXIDE MAKE SMF 12V BATTERY 120AH,4OK052302010076,1,30,AR1819A/1683,2019-03-14,1,2020-03-12
18190668,2019-03-26,18,  -,EXIDE MAKE SMF 12V BATTERY 120AH,4OK052302010074,1,30,AR1819A/1683,2019-03-14,1,2020-03-12
18190668,2019-03-26,18,  -,EXIDE MAKE SMF 12V BATTERY 120AH,4OK052302010072,1,30,AR1819A/1683,2019-03-14,1,2020-03-12
18190668,2019-03-26,18,  -,EXIDE MAKE SMF 12V BATTERY 120AH,4OK052309010325,1,30,AR1819A/1683,2019-03-14,1,2020-03-12
18190668,2019-03-26,18,  -,EXIDE MAKE SMF 12V BATTERY 120AH,4OK052401010922,1,30,AR1819A/1683,2019-03-14,1,2020-03-12
18190668,2019-03-26,18,  -,EXIDE MAKE SMF 12V BATTERY 120AH,4OK052401010921,1,30,AR1819A/1683,2019-03-14,1,2020-03-12
18190668,2019-03-26,18,  -,EXIDE MAKE SMF 12V BATTERY 120AH,4OK052309010317,1,30,AR1819A/1683,2019-03-14,1,2020-03-12
18190668,2019-03-26,18,  -,EXIDE MAKE SMF 12V BATTERY 120AH,4OK052302010069,1,30,AR1819A/1683,2019-03-14,1,2020-03-12
18190668,2019-03-26,18,  -,EXIDE MAKE SMF 12V BATTERY 120AH,4TJ050719002599,1,30,AR1819A/1683,2019-03-14,1,2020-03-12
18190668,2019-03-26,18,  -,EXIDE MAKE SMF 12V BATTERY 120AH,4OK052302010062,1,30,AR1819A/1683,2019-03-14,1,2020-03-12
18190668,2019-03-26,18,  -,EXIDE MAKE SMF 12V BATTERY 120AH,4OK052309010336,1,30,AR1819A/1683,2019-03-14,1,2020-03-12
18190668,2019-03-26,18,  -,EXIDE MAKE SMF 12V BATTERY 120AH,4OK052302010073,1,30,AR1819A/1683,2019-03-14,1,2020-03-12
18190668,2019-03-26,18,  -,EXIDE MAKE SMF 12V BATTERY 120AH,4OK052309010335,1,30,AR1819A/1683,2019-03-14,1,2020-03-12
18190668,2019-03-26,18,  -,EXIDE MAKE SMF 12V BATTERY 120AH,4OK052309010326,1,30,AR1819A/1683,2019-03-14,1,2020-03-12
18190668,2019-03-26,18,  -,EXIDE MAKE SMF 12V BATTERY 120AH,4NK051915008333,1,30,AR1819A/1683,2019-03-14,1,2020-03-12
18190668,2019-03-26,18,  -,EXIDE MAKE SMF 12V BATTERY 120AH,4OK052309010318,1,30,AR1819A/1683,2019-03-14,1,2020-03-12
18190668,2019-03-26,18,  -,EXIDE MAKE SMF 12V BATTERY 120AH,4TJ051914008022,1,30,AR1819A/1683,2019-03-14,1,2020-03-12
18190668,2019-03-26,18,  -,EXIDE MAKE SMF 12V BATTERY 120AH,4OK052302010077,1,30,AR1819A/1683,2019-03-14,1,2020-03-12
18190668,2019-03-26,18,  -,EXIDE MAKE SMF 12V BATTERY 120AH,4OK052309010320,1,30,AR1819A/1683,2019-03-14,1,2020-03-12
18190668,2019-03-26,18,  -,EXIDE MAKE SMF 12V BATTERY 120AH,4OK052215009466,1,30,AR1819A/1683,2019-03-14,1,2020-03-12
18190668,2019-03-26,18,  -,EXIDE MAKE SMF 12V BATTERY 120AH,4OK052408011145,1,30,AR1819A/1683,2019-03-14,1,2020-03-12
18190668,2019-03-26,18,  -,EXIDE MAKE SMF 12V BATTERY 120AH,4OK052309010322,1,30,AR1819A/1683,2019-03-14,1,2020-03-12
18190668,2019-03-26,18,  -,EXIDE MAKE SMF 12V BATTERY 120AH,4OK052401010910,1,30,AR1819A/1683,2019-03-14,1,2020-03-12
18190668,2019-03-26,18,  -,EXIDE MAKE SMF 12V BATTERY 120AH,4OK052408011144,1,30,AR1819A/1683,2019-03-14,1,2020-03-12
18190668,2019-03-26,18,  -,EXIDE MAKE SMF 12V BATTERY 120AH,4OK052408011133,1,30,AR1819A/1683,2019-03-14,1,2020-03-12
18190668,2019-03-26,18,  -,EXIDE MAKE SMF 12V BATTERY 120AH,4OK052309010328,1,30,AR1819A/1683,2019-03-14,1,2020-03-12
18190668,2019-03-26,18,  -,EXIDE MAKE SMF 12V BATTERY 120AH,4OK052309010330,1,30,AR1819A/1683,2019-03-14,1,2020-03-12
18190668,2019-03-26,18,  -,EXIDE MAKE SMF 12V BATTERY 120AH,4OK052408011146,1,30,AR1819A/1683,2019-03-14,1,2020-03-12
18190668,2019-03-26,18,  -,EXIDE MAKE SMF 12V BATTERY 120AH,4OK052408011134,1,30,AR1819A/1683,2019-03-14,1,2020-03-12
18190668,2019-03-26,18,  -,EXIDE MAKE SMF 12V BATTERY 120AH,4OK052408011143,1,30,AR1819A/1683,2019-03-14,1,2020-03-12
18190668,2019-03-26,18,  -,EXIDE MAKE SMF 12V BATTERY 120AH,4OK052408011139,1,30,AR1819A/1683,2019-03-14,1,2020-03-12
18190668,2019-03-26,18,  -,EXIDE MAKE SMF 12V BATTERY 120AH,4OK052401010913,1,30,AR1819A/1683,2019-03-14,1,2020-03-12
18190668,2019-03-26,18,  -,EXIDE MAKE SMF 12V BATTERY 120AH,4OK052308010284,1,30,AR1819A/1683,2019-03-14,1,2020-03-12
18190668,2019-03-26,18,  -,EXIDE MAKE SMF 12V BATTERY 120AH,4OK052406010962,1,30,AR1819A/1683,2019-03-14,1,2020-03-12
18190668,2019-03-26,18,  -,EXIDE MAKE SMF 12V BATTERY 120AH,4OK052406010964,1,30,AR1819A/1683,2019-03-14,1,2020-03-12
18190668,2019-03-26,18,  -,EXIDE MAKE SMF 12V BATTERY 120AH,4OK052400010825,1,30,AR1819A/1683,2019-03-14,1,2020-03-12
18190668,2019-03-26,18,  -,EXIDE MAKE SMF 12V BATTERY 120AH,4OK052408011132,1,30,AR1819A/1683,2019-03-14,1,2020-03-12
18190683,2019-03-30,56,,30KVA UPS - EMERSON,20191HU3186,1,30,AR1819A/1741,2019-03-27,1,2020-03-25
