-- phpMyAdmin SQL Dump
-- version 4.8.5
-- https://www.phpmyadmin.net/
--
-- Host: 127.0.0.1:3306
-- Generation Time: Oct 30, 2019 at 06:12 AM
-- Server version: 5.7.26
-- PHP Version: 7.2.18

SET SQL_MODE = "NO_AUTO_VALUE_ON_ZERO";
SET AUTOCOMMIT = 0;
START TRANSACTION;
SET time_zone = "+00:00";


/*!40101 SET @OLD_CHARACTER_SET_CLIENT=@@CHARACTER_SET_CLIENT */;
/*!40101 SET @OLD_CHARACTER_SET_RESULTS=@@CHARACTER_SET_RESULTS */;
/*!40101 SET @OLD_COLLATION_CONNECTION=@@COLLATION_CONNECTION */;
/*!40101 SET NAMES utf8mb4 */;

--
-- Database: `wdbt`
--

-- --------------------------------------------------------

--
-- Table structure for table `tblacmanagers`
--

DROP TABLE IF EXISTS `tblacmanagers`;
CREATE TABLE IF NOT EXISTS `tblacmanagers` (
  `acManId` int(11) NOT NULL AUTO_INCREMENT,
  `acManName` varchar(40) NOT NULL,
  `acManEmail` varchar(50) NOT NULL,
  PRIMARY KEY (`acManId`)
) ENGINE=MyISAM AUTO_INCREMENT=6 DEFAULT CHARSET=latin1;

--
-- Dumping data for table `tblacmanagers`
--

INSERT INTO `tblacmanagers` (`acManId`, `acManName`, `acManEmail`) VALUES
(1, 'Ajay Koot', 'ajay_k@citilindia.com'),
(2, 'Ashutosh Kawatkar', 'ashutosh_k@citilindia.com'),
(3, 'Prafulla Patil', 'prafulla_p@citilindia.com'),
(4, 'Sameer Bandal', 'sameer_b@citilindia.com'),
(5, 'Nilesh Dhopade', 'nilesh_d@citilindia.com');

-- --------------------------------------------------------

--
-- Table structure for table `tblcustomermanager`
--

DROP TABLE IF EXISTS `tblcustomermanager`;
CREATE TABLE IF NOT EXISTS `tblcustomermanager` (
  `custManId` int(11) NOT NULL AUTO_INCREMENT,
  `custId` int(11) NOT NULL,
  `acManId` int(11) NOT NULL,
  PRIMARY KEY (`custManId`)
) ENGINE=MyISAM AUTO_INCREMENT=59 DEFAULT CHARSET=latin1;

--
-- Dumping data for table `tblcustomermanager`
--

INSERT INTO `tblcustomermanager` (`custManId`, `custId`, `acManId`) VALUES
(1, 1, 1),
(2, 2, 2),
(3, 3, 2),
(4, 4, 1),
(5, 5, 3),
(6, 5, 4),
(7, 7, 2),
(8, 8, 2),
(9, 9, 3),
(10, 9, 4),
(11, 10, 2),
(12, 12, 5),
(13, 13, 3),
(14, 13, 4),
(15, 14, 2),
(16, 16, 2),
(17, 17, 3),
(18, 17, 4),
(19, 18, 1),
(20, 19, 3),
(21, 20, 3),
(22, 20, 4),
(23, 21, 2),
(24, 21, 2),
(25, 23, 1),
(26, 23, 4),
(27, 24, 2),
(28, 26, 2),
(29, 26, 2),
(30, 28, 1),
(31, 28, 1),
(32, 30, 3),
(33, 30, 4),
(34, 31, 3),
(35, 31, 4),
(36, 31, 3),
(37, 31, 4),
(38, 33, 3),
(39, 33, 4),
(40, 34, 2),
(41, 36, 1),
(42, 37, 3),
(43, 37, 4),
(44, 38, 2),
(45, 39, 2),
(46, 39, 2),
(47, 41, 1),
(48, 42, 2),
(49, 44, 2),
(50, 44, 2),
(51, 45, 2),
(52, 46, 1),
(53, 47, 5),
(54, 48, 5),
(55, 49, 5),
(56, 50, 2),
(57, 51, 1),
(58, 52, 2);

-- --------------------------------------------------------

--
-- Table structure for table `tblcustomers`
--

DROP TABLE IF EXISTS `tblcustomers`;
CREATE TABLE IF NOT EXISTS `tblcustomers` (
  `custId` int(11) NOT NULL AUTO_INCREMENT,
  `custName` varchar(40) NOT NULL,
  PRIMARY KEY (`custId`)
) ENGINE=MyISAM AUTO_INCREMENT=65 DEFAULT CHARSET=latin1;

--
-- Dumping data for table `tblcustomers`
--

INSERT INTO `tblcustomers` (`custId`, `custName`) VALUES
(1, 'AAM INDIA'),
(2, 'ADIENT'),
(3, 'ALTRAN'),
(4, 'ARAI'),
(5, 'ARDE'),
(6, 'Bettinelli'),
(7, 'Bobst'),
(8, 'Brintons'),
(9, 'CDAC'),
(10, 'Concentric Pumps'),
(11, 'Concept-Office Use'),
(12, 'Cummins'),
(13, 'DIAT'),
(14, 'Emdep'),
(15, 'Entrepreneurship'),
(16, 'Envisage'),
(17, 'HEMRL'),
(18, 'Hyundai'),
(19, 'IISC'),
(20, 'IISER'),
(21, 'INVENTIV'),
(22, 'INVENTIV-GURGAON'),
(23, 'IUCAA'),
(24, 'KENDLE'),
(25, 'Kiran Kirtane'),
(26, 'MGI'),
(27, 'MGI Coutier'),
(28, 'Mubea'),
(29, 'MUBEA-C'),
(30, 'NCCS'),
(31, 'NCL'),
(32, 'NCL-K. D. DESHPANDE'),
(33, 'NCRA'),
(34, 'NEXANT'),
(35, 'Office Stock'),
(36, 'Onward'),
(37, 'R &DE'),
(38, 'RENT ALPHA'),
(39, 'Sarvatra'),
(55, '21-GURGAON'),
(41, 'schlumberger'),
(42, 'Sigma'),
(43, 'SMS'),
(44, 'SMS CONCAST'),
(45, 'Sulzer'),
(46, 'SYDAC'),
(47, 'Tata Technologies'),
(48, 'Transfast'),
(49, 'T-SYSTEMS'),
(50, 'Vijay Kulkarni'),
(51, 'YAMAZAKI'),
(52, 'York'),
(53, 'NCLRF'),
(56, 'Hyundai-V'),
(57, 'Office Stock'),
(58, 'Tata Steel'),
(59, 'Mr. Rajiv Kulkarni'),
(60, 'ABHISHEK KUMAR'),
(61, 'SCHLUMBERGER ASIA SERVICES'),
(62, 'FORBES MARSHALL'),
(63, 'VOSS'),
(64, 'NCRA-TIFR');

-- --------------------------------------------------------

--
-- Table structure for table `tbldistributors`
--

DROP TABLE IF EXISTS `tbldistributors`;
CREATE TABLE IF NOT EXISTS `tbldistributors` (
  `distId` int(11) NOT NULL AUTO_INCREMENT,
  `distName` varchar(40) NOT NULL,
  PRIMARY KEY (`distId`)
) ENGINE=MyISAM AUTO_INCREMENT=36 DEFAULT CHARSET=latin1;

--
-- Dumping data for table `tbldistributors`
--

INSERT INTO `tbldistributors` (`distId`, `distName`) VALUES
(1, 'IMIL'),
(2, 'ARIHANT '),
(3, 'AUDIO VIDEO INVENTORS'),
(4, 'AV INVENTORS'),
(5, 'Avnet'),
(6, 'BLUEPOINT'),
(7, 'Cachetech'),
(8, 'COMPRINT'),
(9, 'Comprint Computers'),
(10, 'COMPUAGE'),
(11, 'DATACARE'),
(12, 'DCC'),
(13, 'Dell'),
(14, 'DIKIBI'),
(15, 'HCL'),
(16, 'Infoworld'),
(17, 'Ingram'),
(18, 'Iris'),
(19, 'K\'comp'),
(20, 'MANIDHARI'),
(21, 'MICROPOINT'),
(22, 'Micropoint '),
(23, 'Modular Elect'),
(24, 'MPCL'),
(25, 'NANDINI ELECTRONICS'),
(26, 'NF'),
(27, 'Openview technologies'),
(28, 'PARMAR DISTRIBUTOR'),
(29, 'Phoenyx'),
(30, 'PRASA INFOCOM'),
(31, 'RASHI'),
(32, 'Redington'),
(33, 'Roundrobin'),
(34, 'Savex'),
(35, 'Sujata');

-- --------------------------------------------------------

--
-- Table structure for table `tblusers`
--

DROP TABLE IF EXISTS `tblusers`;
CREATE TABLE IF NOT EXISTS `tblusers` (
  `usrEmail` varchar(50) NOT NULL,
  `usrPass` varchar(50) NOT NULL,
  `usrName` varchar(40) NOT NULL,
  `usrSecuQ` varchar(50) NOT NULL,
  `usrSecuAns` varchar(50) NOT NULL,
  PRIMARY KEY (`usrEmail`)
) ENGINE=MyISAM DEFAULT CHARSET=latin1;

--
-- Dumping data for table `tblusers`
--

INSERT INTO `tblusers` (`usrEmail`, `usrPass`, `usrName`, `usrSecuQ`, `usrSecuAns`) VALUES
('admin@admin.com', 'c7753557b59d251571c55a79ef78ee4a', 'John Doe', 'mother  tongue', 'English');

-- --------------------------------------------------------

--
-- Table structure for table `tblwarranty`
--

DROP TABLE IF EXISTS `tblwarranty`;
CREATE TABLE IF NOT EXISTS `tblwarranty` (
  `warrId` int(11) NOT NULL AUTO_INCREMENT,
  `citilInvoiceNo` varchar(40) NOT NULL,
  `citilInvoiceDate` date NOT NULL,
  `custId` int(11) NOT NULL,
  `prodNo` varchar(30) NOT NULL,
  `prodDesc` varchar(60) NOT NULL,
  `prodSerial` varchar(30) NOT NULL,
  `prodQty` int(11) NOT NULL,
  `distId` int(11) NOT NULL,
  `distInvoiceNo` varchar(40) NOT NULL,
  `distInvoiceDate` date NOT NULL,
  `warrExYears` int(11) NOT NULL,
  `warrExpDate` date NOT NULL,
  PRIMARY KEY (`warrId`)
) ENGINE=MyISAM AUTO_INCREMENT=2837 DEFAULT CHARSET=latin1;

--
-- Dumping data for table `tblwarranty`
--

INSERT INTO `tblwarranty` (`warrId`, `citilInvoiceNo`, `citilInvoiceDate`, `custId`, `prodNo`, `prodDesc`, `prodSerial`, `prodQty`, `distId`, `distInvoiceNo`, `distInvoiceDate`, `warrExYears`, `warrExpDate`) VALUES
(2, 'CITIL/16-17/P417', '2016-11-15', 31, 'X6W75PA', 'HP 240G4 Laptop', '5CG629643G', 1, 35, 'OP-OS/12502', '2016-11-11', 3, '2019-11-10'),
(6, 'CITIL/16-17/P-583', '2017-02-07', 36, '3460', 'Dell Latitude Laptop', 'HFST4C2', 1, 35, 'OP-OS16650', '2017-02-06', 3, '2020-02-05'),
(7, 'CITIL/16-17/P-583', '2017-02-07', 36, '3460', 'Dell Latitude Laptop', 'FGST4C2', 1, 35, 'OP-OS16650', '2017-02-06', 3, '2020-02-05'),
(8, 'CITIL/16-17/P-583', '2017-02-07', 36, '3460', 'Dell Latitude Laptop', 'G1P23C2', 1, 35, 'OP-OS16650', '2017-02-06', 3, '2020-02-05'),
(12, 'CITIL/16-17/P243', '2016-08-19', 37, '696387-B21', '4TB 6G Sata 7.2K 3.5\" HDD', '2C8630100T', 1, 34, 'WAGTI1617104481', '2016-08-19', 3, '2019-08-18'),
(13, 'CITIL/16-17/P243', '2016-08-19', 37, '696387-B21', '4TB 6G Sata 7.2K 3.5\" HDD', '2C86301011', 1, 34, 'WAGTI1617104481', '2016-08-19', 3, '2019-08-18'),
(14, 'CITIL/16-17/P243', '2016-08-19', 37, '696387-B21', '4TB 6G Sata 7.2K 3.5\" HDD', '2C86301018', 1, 34, 'WAGTI1617104481', '2016-08-19', 3, '2019-08-18'),
(15, 'CITIL/16-17/P243', '2016-08-19', 37, '696387-B21', '4TB 6G Sata 7.2K 3.5\" HDD', '2C86301038', 1, 34, 'WAGTI1617104481', '2016-08-19', 3, '2019-08-18'),
(36, 'CITIL/16-17/P243', '2016-08-19', 37, '25629101', 'HP DL80 G9 Server', 'SGH631X55K', 1, 34, 'WAGTI1617104481', '2016-08-19', 3, '2019-08-18'),
(37, 'CITIL/16-17/P243', '2016-08-19', 37, '658071-B21', '500 GB 6G Sata 7.2K 3.5\" SC HDD', 'MY7631104C', 1, 34, 'WAGTI1617104481', '2016-08-19', 3, '2019-08-18'),
(38, 'CITIL/16-17/P243', '2016-08-19', 37, '658071-B21', '500 GB 6G Sata 7.2K 3.5\" SC HDD', 'MY7631109S', 1, 34, 'WAGTI1617104481', '2016-08-19', 3, '2019-08-18'),
(43, 'CITIL/16-17/P245', '2016-08-22', 39, 'W7C55PT', 'HP 280G2 Desktop', 'INA612ZXRY', 1, 34, 'WAGTI1617104481', '2016-08-19', 3, '2019-08-18'),
(44, 'CITIL/16-17/P245', '2016-08-22', 39, 'W7C55PT', 'HP 280G2 Desktop', 'INA612ZXS2', 1, 34, 'WAGTI1617104481', '2016-08-19', 3, '2019-08-18'),
(45, 'CITIL/16-17/P245', '2016-08-22', 39, 'W7C55PT', 'HP 280G2 Desktop', 'INA612ZXSL', 1, 34, 'WAGTI1617104481', '2016-08-19', 3, '2019-08-18'),
(46, 'CITIL/16-17/P245', '2016-08-22', 39, 'W7C55PT', 'HP 280G2 Desktop', 'INA612ZXV7', 1, 34, 'WAGTI1617104481', '2016-08-19', 3, '2019-08-18'),
(47, 'CITIL/16-17/P245', '2016-08-22', 39, 'W7C55PT', 'HP 280G2 Desktop', 'INA612ZXVG', 1, 34, 'WAGTI1617104481', '2016-08-19', 3, '2019-08-18'),
(48, 'CITIL/16-17/P245', '2016-08-22', 39, 'V5E94AA', 'HP V194 18.5\" TFT Monitor', '3CQ6212DM0', 1, 34, 'WAGTI1617104481', '2016-08-19', 3, '2019-08-18'),
(49, 'CITIL/16-17/P245', '2016-08-22', 39, 'V5E94AA', 'HP V194 18.5\" TFT Monitor', '3CQ6212GIG', 1, 34, 'WAGTI1617104481', '2016-08-19', 3, '2019-08-18'),
(50, 'CITIL/16-17/P245', '2016-08-22', 39, 'V5E94AA', 'HP V194 18.5\" TFT Monitor', '3CQ6212G2N', 1, 34, 'WAGTI1617104481', '2016-08-19', 3, '2019-08-18'),
(51, 'CITIL/16-17/P245', '2016-08-22', 39, 'V5E94AA', 'HP V194 18.5\" TFT Monitor', '3CQ6212G3N', 1, 34, 'WAGTI1617104481', '2016-08-19', 3, '2019-08-18'),
(52, 'CITIL/16-17/P245', '2016-08-22', 39, 'V5E94AA', 'HP V194 18.5\" TFT Monitor', '3CQ6212G3Y', 1, 34, 'WAGTI1617104481', '2016-08-19', 3, '2019-08-18'),
(53, 'CITIL/16-17/P245', '2016-08-22', 39, 'W7C53PT', 'HP 280G2 Desktop', 'INA612ZW00', 1, 34, 'WAGTI1617104481', '2016-08-19', 3, '2019-08-18'),
(54, 'CITIL/16-17/P245', '2016-08-22', 39, 'W7C53PT', 'HP 280G2 Desktop', 'INA612ZW07', 1, 34, 'WAGTI1617104481', '2016-08-19', 3, '2019-08-18'),
(55, 'CITIL/16-17/P245', '2016-08-22', 39, 'W7C53PT', 'HP 280G2 Desktop', 'INA612ZWBP', 1, 34, 'WAGTI1617104481', '2016-08-19', 3, '2019-08-18'),
(56, 'CITIL/16-17/P245', '2016-08-22', 39, 'V5E94AA', 'HP V194 18.5\" TFT Monitor', '3CQ6212G81', 1, 34, 'WAGTI1617104481', '2016-08-19', 3, '2019-08-18'),
(57, 'CITIL/16-17/P245', '2016-08-22', 39, 'V5E94AA', 'HP V194 18.5\" TFT Monitor', '3CQ6212G8C', 1, 34, 'WAGTI1617104481', '2016-08-19', 3, '2019-08-18'),
(58, 'CITIL/16-17/P245', '2016-08-22', 39, 'V5E94AA', 'HP V194 18.5\" TFT Monitor', '3CQ6212G94', 1, 34, 'WAGTI1617104481', '2016-08-19', 3, '2019-08-18'),
(59, 'CITIL/16-17/P431', '2016-11-24', 28, 'JD118B', 'HP Transceiver X120 1G SFP LC-SX', 'CM63GM902P', 1, 34, 'BHWT/1617103124', '2016-11-22', 3, '2019-11-21'),
(60, 'CITIL/16-17/P431', '2016-11-24', 28, 'JD118B', 'HP Transceiver X120 1G SFP LC-SX', 'CM63GM903G', 1, 34, 'BHWT/1617103124', '2016-11-22', 3, '2019-11-21'),
(61, 'CITIL/16-17/P432', '2016-11-24', 29, 'JD118B', 'HP Transceiver X120 1G SFP LC-SX', 'CM63GM9063', 1, 34, 'BHWT/1617103124', '2016-11-22', 3, '2019-11-21'),
(62, 'CITIL/16-17/P432', '2016-11-24', 29, 'JD118B', 'HP Transceiver X120 1G SFP LC-SX', 'CM63GM908D', 1, 34, 'BHWT/1617103124', '2016-11-22', 3, '2019-11-21'),
(64, 'CITIL/16-17/P187', '2017-03-21', 16, '781516-B21', '600GB 12G SAS 10 6.5', '2C5707E0HB', 1, 34, 'WAGHTI/1617112188', '2017-03-14', 3, '2020-03-10'),
(65, 'CITIL/16-17/P187', '2017-03-21', 16, '781516-B21', '600GB 12G SAS 10 6.5', '2C5707E0HY2', 1, 34, 'WAGHTI/1617112188', '2017-03-14', 3, '2020-03-10'),
(71, 'CITIL/16-17/P187', '2017-03-21', 16, 'M5T54A', 'HP Server DL180', 'SGH701T7E5', 1, 34, 'WAGHTI/1617112188', '2017-03-14', 3, '2020-03-10'),
(74, 'CITIL/16-17/P187', '2017-03-21', 16, '781516-B21', '600GB 12G SAS 10 6.5', 'C5707E0I0', 1, 34, 'WAGHTI/1617112188', '2017-03-14', 3, '2020-03-10'),
(75, 'CITIL/16-17/P187', '2017-03-21', 16, '836220-B21', '16GB 2Rx4 PC4-2400T-R-kit', 'CNZ64905G0', 1, 34, 'WAGHTI/1617112188', '2017-03-14', 3, '2020-03-10'),
(76, 'CITIL/16-17/P187', '2017-03-21', 16, '836220-B21', '16GB 2Rx4 PC4-2400T-R-kit', 'CNZ64905HU', 1, 34, 'WAGHTI/1617112188', '2017-03-14', 3, '2020-03-10'),
(77, 'CITIL/16-17/P187', '2017-03-21', 16, '836220-B21', '16GB 2Rx4 PC4-2400T-R-kit', 'CNZ64905JA', 1, 34, 'WAGHTI/1617112188', '2017-03-14', 3, '2020-03-10'),
(78, 'CITIL/16-17/P187', '2017-03-21', 16, 'E5H958B', 'Lto5 Tape Drive with 5 Nos of Tape Cartridge', 'HUJ6507FLH', 1, 34, 'WAGHTI/1617112188', '2017-03-14', 3, '2020-03-10'),
(80, 'CITIL/16-17/P190', '2017-03-23', 23, '860890-375', 'HP DL60 Gen9 Server', 'SGH710SX98', 1, 34, 'WAGTI/1617/112486', '2017-03-22', 3, '2020-03-18'),
(81, 'CITIL/17-18/P105', '2017-06-16', 26, '70081827', 'HP Server DL380 Gen9 24SFF Server', 'SGH722Y1S6', 1, 34, 'WAGTI1718102510', '2017-06-16', 3, '2020-06-14'),
(82, '18190358', '2018-10-15', 42, '3RF06UT', 'HP EliteBook 840 G5 Notebook PC ', '5CG8387NNC', 1, 34, 'WAGTI1819109582', '2018-10-05', 1, '2019-10-04'),
(83, '18190358', '2018-10-15', 42, '3RF06UT', 'HP EliteBook 840 G5 Notebook PC ', '5CG8387NNJ', 1, 34, 'WAGTI1819109582', '2018-10-05', 1, '2019-10-04'),
(84, '18190358', '2018-10-15', 42, '3RF06UT', 'HP EliteBook 840 G5 Notebook PC ', '5CG8387NNP', 1, 34, 'WAGTI1819109582', '2018-10-05', 1, '2019-10-04'),
(85, '18190358', '2018-10-15', 42, '3RF06UT', 'HP EliteBook 840 G5 Notebook PC ', '5CG8387NNV', 1, 34, 'WAGTI1819109582', '2018-10-05', 1, '2019-10-04'),
(86, '18190358', '2018-10-15', 42, '3RF06UT', 'HP EliteBook 840 G5 Notebook PC ', '5CG8387NNZ', 1, 34, 'WAGTI1819109582', '2018-10-05', 1, '2019-10-04'),
(87, '18190358', '2018-10-15', 42, 'D9Y32AA', 'HP UltraSlim Docking Station', '5CG830XWQ4', 1, 34, 'WAGTI1819109582', '2018-10-05', 1, '2019-10-04'),
(88, '18190358', '2018-10-15', 42, 'D9Y32AA', 'HP UltraSlim Docking Station', '5CG830XWQH', 1, 34, 'WAGTI1819109582', '2018-10-05', 1, '2019-10-04'),
(89, '18190358', '2018-10-15', 42, 'D9Y32AA', 'HP UltraSlim Docking Station', '5CG830XWQJ', 1, 34, 'WAGTI1819109582', '2018-10-05', 1, '2019-10-04'),
(90, '18190358', '2018-10-15', 42, 'D9Y32AA', 'HP UltraSlim Docking Station', '5CG830XWQK', 1, 34, 'WAGTI1819109582', '2018-10-05', 1, '2019-10-04'),
(91, '18190358', '2018-10-15', 42, 'D9Y32AA', 'HP UltraSlim Docking Station', '5CG830XWQM', 1, 34, 'WAGTI1819109582', '2018-10-05', 1, '2019-10-04'),
(93, 'CITIL/16-17/P187', '2017-03-21', 16, 'WGT3033-WW', 'Watchguard Firewall', '70AC07309-BF-44', 1, 33, 'RR/16/1081', '2017-03-10', 3, '2020-03-06'),
(513, 'CITIL/16-17/P469', '2016-12-15', 12, 'X6W75PA', 'HP 240G5 Laptop', '5CG6352C9C', 1, 32, 'P209061', '2016-12-08', 3, '2019-12-07'),
(514, 'CITIL/16-17/P469', '2016-12-15', 12, 'X6W75PA', 'HP 240G5 Laptop', '5CG6351ZL1', 1, 32, 'P209061', '2016-12-08', 3, '2019-12-07'),
(515, 'CITIL/16-17/P469', '2016-12-15', 12, 'X6W75PA', 'HP 240G5 Laptop', '5CG6351Y2Q', 1, 32, 'P209061', '2016-12-08', 3, '2019-12-07'),
(516, 'CITIL/16-17/P469', '2016-12-15', 12, 'X6W75PA', 'HP 240G5 Laptop', '5CG6296434', 1, 32, 'P209061', '2016-12-08', 3, '2019-12-07'),
(517, 'CITIL/16-17/P469', '2016-12-15', 12, 'X6W75PA', 'HP 240G5 Laptop', '5CG6352D12', 1, 32, 'P209061', '2016-12-08', 3, '2019-12-07'),
(518, 'CITIL/16-17/P469', '2016-12-15', 12, 'X6W75PA', 'HP 240G5 Laptop', '5CG635257F', 1, 32, 'P209061', '2016-12-08', 3, '2019-12-07'),
(519, 'CITIL/16-17/P469', '2016-12-15', 12, 'X6W75PA', 'HP 240G5 Laptop', '5CG6351Y7Y', 1, 32, 'P209061', '2016-12-08', 3, '2019-12-07'),
(520, 'CITIL/16-17/P469', '2016-12-15', 12, 'X6W75PA', 'HP 240G5 Laptop', '5CG6351Y4H', 1, 32, 'P209061', '2016-12-08', 3, '2019-12-07'),
(521, 'CITIL/16-17/P469', '2016-12-15', 12, 'X6W75PA', 'HP 240G5 Laptop', '5CG6352CVC', 1, 32, 'P209061', '2016-12-08', 3, '2019-12-07'),
(522, 'CITIL/16-17/P469', '2016-12-15', 12, 'X6W75PA', 'HP 240G5 Laptop', '5CG62964BZ', 1, 32, 'P209061', '2016-12-08', 3, '2019-12-07'),
(523, 'CITIL/16-17/P469', '2016-12-15', 12, 'X6W75PA', 'HP 240G5 Laptop', '5CG6351VQ5', 1, 32, 'P209061', '2016-12-08', 3, '2019-12-07'),
(524, 'CITIL/16-17/P469', '2016-12-15', 12, 'X6W75PA', 'HP 240G5 Laptop', '5CG6351ZMY', 1, 32, 'P209061', '2016-12-08', 3, '2019-12-07'),
(525, 'CITIL/16-17/P469', '2016-12-15', 12, 'X6W75PA', 'HP 240G5 Laptop', '5CG6351X2Q', 1, 32, 'P209061', '2016-12-08', 3, '2019-12-07'),
(526, 'CITIL/16-17/P469', '2016-12-15', 12, 'X6W75PA', 'HP 240G5 Laptop', '5CG6296445', 1, 32, 'P209061', '2016-12-08', 3, '2019-12-07'),
(527, 'CITIL/16-17/P469', '2016-12-15', 12, 'X6W75PA', 'HP 240G5 Laptop', '5CG6296449', 1, 32, 'P209061', '2016-12-08', 3, '2019-12-07'),
(528, 'CITIL/16-17/P469', '2016-12-15', 12, 'X6W75PA', 'HP 240G5 Laptop', '5CG6352383', 1, 32, 'P209061', '2016-12-08', 3, '2019-12-07'),
(529, 'CITIL/16-17/P469', '2016-12-15', 12, 'X6W75PA', 'HP 240G5 Laptop', '5CG6296488', 1, 32, 'P209061', '2016-12-08', 3, '2019-12-07'),
(530, 'CITIL/16-17/P469', '2016-12-15', 12, 'X6W75PA', 'HP 240G5 Laptop', '5CG6351XWP', 1, 32, 'P209061', '2016-12-08', 3, '2019-12-07'),
(531, 'CITIL/16-17/P469', '2016-12-15', 12, 'X6W75PA', 'HP 240G5 Laptop', '5CG63523MD', 1, 32, 'P209061', '2016-12-08', 3, '2019-12-07'),
(532, 'CITIL/16-17/P469', '2016-12-15', 12, 'X6W75PA', 'HP 240G5 Laptop', '5CG63524CX', 1, 32, 'P209061', '2016-12-08', 3, '2019-12-07'),
(533, 'CITIL/16-17/P469', '2016-12-15', 12, 'X6W75PA', 'HP 240G5 Laptop', '5CG6351X1D', 1, 32, 'P209061', '2016-12-08', 3, '2019-12-07'),
(534, 'CITIL/16-17/P469', '2016-12-15', 12, 'X6W75PA', 'HP 240G5 Laptop', '5CG629643Z', 1, 32, 'P209061', '2016-12-08', 3, '2019-12-07'),
(535, 'CITIL/16-17/P499', '2016-12-27', 14, 'N8M8ZAV', 'HP 280G2 Desktop', 'INA650YRQZ', 1, 32, 'P209988', '2016-12-26', 3, '2019-12-25'),
(536, 'CITIL/16-17/P499', '2016-12-27', 14, 'N8M8ZAV', 'HP 280G2 Desktop', 'INA650YRR0', 1, 32, 'P209988', '2016-12-26', 3, '2019-12-25'),
(537, 'CITIL/16-17/P499', '2016-12-27', 14, 'N8M8ZAV', 'HP 280G2 Desktop', 'INA650YRR1', 1, 32, 'P209988', '2016-12-26', 3, '2019-12-25'),
(538, 'CITIL/16-17/P499', '2016-12-27', 14, 'N8M8ZAV', 'HP 280G2 Desktop', 'INA650YRR2', 1, 32, 'P209988', '2016-12-26', 3, '2019-12-25'),
(539, 'CITIL/16-17/P499', '2016-12-27', 14, 'N8M8ZAV', 'HP 280G2 Desktop', 'INA650YRR3', 1, 32, 'P209988', '2016-12-26', 3, '2019-12-25'),
(540, 'CITIL/16-17/P499', '2016-12-27', 14, 'N8M8ZAV', 'HP 280G2 Desktop', 'INA650YRR4', 1, 32, 'P209988', '2016-12-26', 3, '2019-12-25'),
(541, 'CITIL/16-17/P499', '2016-12-27', 14, 'D2W67AA', 'HP 19\" LED Monitor', 'CNK64104CQ', 1, 32, 'P209988', '2016-12-26', 3, '2019-12-25'),
(542, 'CITIL/16-17/P499', '2016-12-27', 14, 'D2W67AA', 'HP 19\" LED Monitor', 'CNK64104CT', 1, 32, 'P209988', '2016-12-26', 3, '2019-12-25'),
(543, 'CITIL/16-17/P499', '2016-12-27', 14, 'D2W67AA', 'HP 19\" LED Monitor', 'CNK64104CX', 1, 32, 'P209988', '2016-12-26', 3, '2019-12-25'),
(544, 'CITIL/16-17/P499', '2016-12-27', 14, 'D2W67AA', 'HP 19\" LED Monitor', 'CNK64104VH', 1, 32, 'P209988', '2016-12-26', 3, '2019-12-25'),
(545, 'CITIL/16-17/P499', '2016-12-27', 14, 'D2W67AA', 'HP 19\" LED Monitor', 'CNK64104VM', 1, 32, 'P209988', '2016-12-26', 3, '2019-12-25'),
(546, 'CITIL/16-17/P499', '2016-12-27', 14, 'D2W67AA', 'HP 19\" LED Monitor', 'CNK64104Vn', 1, 32, 'P209988', '2016-12-26', 3, '2019-12-25'),
(551, 'CITIL/16-17/P408', '2016-11-10', 33, 'M4Z41AV', 'HP Prodesk 400 G3 Desktop', 'INA643XN2H', 1, 32, 'P207504', '2016-11-10', 3, '2019-11-09'),
(552, 'CITIL/16-17/P408', '2016-11-10', 33, 'M4Z41AV', 'HP Prodesk 400 G3 Desktop', 'INA643XN2J', 1, 32, 'P207504', '2016-11-10', 3, '2019-11-09'),
(553, 'CITIL/16-17/P408', '2016-11-10', 33, 'A3R82AA', 'LV2911 20\" LED Monitor', 'CNC634P9FD', 1, 32, 'P207504', '2016-11-10', 3, '2019-11-09'),
(554, 'CITIL/16-17/P408', '2016-11-10', 33, 'A3R82AA', 'LV2911 20\" LED Monitor', 'CNX634P9F9', 1, 32, 'P207504', '2016-11-10', 3, '2019-11-09'),
(613, 'CITIL/16-17/P533', '2017-01-06', 12, 'X6W75PA', 'HP 240G5 Laptop', '5CG6352C9P', 1, 32, 'P209102', '2016-12-09', 3, '2019-12-08'),
(614, 'CITIL/16-17/P533', '2017-01-06', 12, 'X6W75PA', 'HP 240G5 Laptop', '5CG6351X64', 1, 32, 'P209102', '2016-12-09', 3, '2019-12-08'),
(615, 'CITIL/16-17/P533', '2017-01-06', 12, 'X6W75PA', 'HP 240G5 Laptop', '5CG629642H', 1, 32, 'P209102', '2016-12-09', 3, '2019-12-08'),
(616, 'CITIL/16-17/P533', '2017-01-06', 12, 'X6W75PA', 'HP 240G5 Laptop', '5CG6352DY3', 1, 32, 'P209102', '2016-12-09', 3, '2019-12-08'),
(617, 'CITIL/16-17/P533', '2017-01-06', 12, 'X6W75PA', 'HP 240G5 Laptop', '5CG6352350', 1, 32, 'P209102', '2016-12-09', 3, '2019-12-08'),
(618, 'CITIL/16-17/P533', '2017-01-06', 12, 'X6W75PA', 'HP 240G5 Laptop', '5CG635273Q', 1, 32, 'P209102', '2016-12-09', 3, '2019-12-08'),
(619, 'CITIL/16-17/P533', '2017-01-06', 12, 'X6W75PA', 'HP 240G5 Laptop', '5CG62964J5', 1, 32, 'P209102', '2016-12-09', 3, '2019-12-08'),
(620, 'CITIL/16-17/P533', '2017-01-06', 12, 'X6W75PA', 'HP 240G5 Laptop', '5CG6352D1Z', 1, 32, 'P209102', '2016-12-09', 3, '2019-12-08'),
(621, 'CITIL/16-17/P533', '2017-01-06', 12, 'X6W75PA', 'HP 240G5 Laptop', '5CG63521HT', 1, 32, 'P209102', '2016-12-09', 3, '2019-12-08'),
(622, 'CITIL/16-17/P533', '2017-01-06', 12, 'X6W75PA', 'HP 240G5 Laptop', '5CG6351ZG0', 1, 32, 'P209102', '2016-12-09', 3, '2019-12-08'),
(623, 'CITIL/16-17/P533', '2017-01-06', 12, 'X6W75PA', 'HP 240G5 Laptop', '5CG6352CXD', 1, 32, 'P209102', '2016-12-09', 3, '2019-12-08'),
(624, 'CITIL/16-17/P533', '2017-01-06', 12, 'X6W75PA', 'HP 240G5 Laptop', '5CG6351XV4', 1, 32, 'P209102', '2016-12-09', 3, '2019-12-08'),
(625, 'CITIL/16-17/P533', '2017-01-06', 12, 'X6W75PA', 'HP 240G5 Laptop', '5CG629642W', 1, 32, 'P209102', '2016-12-09', 3, '2019-12-08'),
(626, 'CITIL/16-17/P533', '2017-01-06', 12, 'X6W75PA', 'HP 240G5 Laptop', '5CG6351Y95', 1, 32, 'P209102', '2016-12-09', 3, '2019-12-08'),
(627, 'CITIL/16-17/P533', '2017-01-06', 12, 'X6W75PA', 'HP 240G5 Laptop', '5CG6352D7H', 1, 32, 'P209102', '2016-12-09', 3, '2019-12-08'),
(628, 'CITIL/16-17/P533', '2017-01-06', 12, 'X6W75PA', 'HP 240G5 Laptop', '5CG6351W63', 1, 32, 'P209102', '2016-12-09', 3, '2019-12-08'),
(629, 'CITIL/16-17/P533', '2017-01-06', 12, 'X6W75PA', 'HP 240G5 Laptop', '5CG635233F', 1, 32, 'P209102', '2016-12-09', 3, '2019-12-08'),
(630, 'CITIL/16-17/P533', '2017-01-06', 12, 'X6W75PA', 'HP 240G5 Laptop', '5CG6352564', 1, 32, 'P209102', '2016-12-09', 3, '2019-12-08'),
(631, 'CITIL/16-17/P533', '2017-01-06', 12, 'X6W75PA', 'HP 240G5 Laptop', '5CG63521VM', 1, 32, 'P209102', '2016-12-09', 3, '2019-12-08'),
(632, 'CITIL/16-17/P533', '2017-01-06', 12, 'X6W75PA', 'HP 240G5 Laptop', '5CG63524F5', 1, 32, 'P209102', '2016-12-09', 3, '2019-12-08'),
(633, 'CITIL/16-17/P533', '2017-01-06', 12, 'X6W75PA', 'HP 240G5 Laptop', '5CG62964J1', 1, 32, 'P209102', '2016-12-09', 3, '2019-12-08'),
(634, 'CITIL/16-17/P533', '2017-01-06', 12, 'X6W75PA', 'HP 240G5 Laptop', '5CG62965GP', 1, 32, 'P209102', '2016-12-09', 3, '2019-12-08'),
(635, 'CITIL/16-17/P533', '2017-01-06', 12, 'X6W75PA', 'HP 240G5 Laptop', '5CG6352297', 1, 32, 'P209102', '2016-12-09', 3, '2019-12-08'),
(636, 'CITIL/16-17/P533', '2017-01-06', 12, 'X6W75PA', 'HP 240G5 Laptop', '5CG6352BZS', 1, 32, 'P209102', '2016-12-09', 3, '2019-12-08'),
(637, 'CITIL/16-17/P533', '2017-01-06', 12, 'X6W75PA', 'HP 240G5 Laptop', '5CG6351XL4', 1, 32, 'P209102', '2016-12-09', 3, '2019-12-08'),
(638, 'CITIL/16-17/P533', '2017-01-06', 12, 'X6W75PA', 'HP 240G5 Laptop', '5CG635232N', 1, 32, 'P209102', '2016-12-09', 3, '2019-12-08'),
(639, 'CITIL/16-17/P533', '2017-01-06', 12, 'X6W75PA', 'HP 240G5 Laptop', '5CG6352F91', 1, 32, 'P209102', '2016-12-09', 3, '2019-12-08'),
(640, 'CITIL/16-17/P533', '2017-01-06', 12, 'X6W75PA', 'HP 240G5 Laptop', '5CG6351WJ7', 1, 32, 'P209102', '2016-12-09', 3, '2019-12-08'),
(641, 'CITIL/16-17/P533', '2017-01-06', 12, 'X6W75PA', 'HP 240G5 Laptop', '5CG6351YFX', 1, 32, 'P209102', '2016-12-09', 3, '2019-12-08'),
(642, 'CITIL/16-17/P533', '2017-01-06', 12, 'X6W75PA', 'HP 240G5 Laptop', '5CG63524MW', 1, 32, 'P209102', '2016-12-09', 3, '2019-12-08'),
(643, 'CITIL/16-17/P533', '2017-01-06', 12, 'X6W75PA', 'HP 240G5 Laptop', '5CG63522QW', 1, 32, 'P209102', '2016-12-09', 3, '2019-12-08'),
(644, 'CITIL/16-17/P533', '2017-01-06', 12, 'X6W75PA', 'HP 240G5 Laptop', '5CG6351WWB', 1, 32, 'P209102', '2016-12-09', 3, '2019-12-08'),
(645, 'CITIL/16-17/P533', '2017-01-06', 12, 'X6W75PA', 'HP 240G5 Laptop', '5CG6352CYY', 1, 32, 'P209102', '2016-12-09', 3, '2019-12-08'),
(646, 'CITIL/16-17/P533', '2017-01-06', 12, 'X6W75PA', 'HP 240G5 Laptop', '5CG6296502', 1, 32, 'P209102', '2016-12-09', 3, '2019-12-08'),
(647, 'CITIL/16-17/P533', '2017-01-06', 12, 'X6W75PA', 'HP 240G5 Laptop', '5CG629653K', 1, 32, 'P209102', '2016-12-09', 3, '2019-12-08'),
(648, 'CITIL/16-17/P533', '2017-01-06', 12, 'X6W75PA', 'HP 240G5 Laptop', '5CG6352D80', 1, 32, 'P209102', '2016-12-09', 3, '2019-12-08'),
(649, 'CITIL/16-17/P533', '2017-01-06', 12, 'X6W75PA', 'HP 240G5 Laptop', '5CG63526C2', 1, 32, 'P209102', '2016-12-09', 3, '2019-12-08'),
(650, 'CITIL/16-17/P533', '2017-01-06', 12, 'X6W75PA', 'HP 240G5 Laptop', '5CG6351YF6', 1, 32, 'P209102', '2016-12-09', 3, '2019-12-08'),
(651, 'CITIL/16-17/P533', '2017-01-06', 12, 'X6W75PA', 'HP 240G5 Laptop', '5CG63529Z9', 1, 32, 'P209102', '2016-12-09', 3, '2019-12-08'),
(652, 'CITIL/16-17/P533', '2017-01-06', 12, 'X6W75PA', 'HP 240G5 Laptop', '5CG6352415', 1, 32, 'P209102', '2016-12-09', 3, '2019-12-08'),
(653, 'CITIL/16-17/P533', '2017-01-06', 12, 'X6W75PA', 'HP 240G5 Laptop', '5CG635251V', 1, 32, 'P209102', '2016-12-09', 3, '2019-12-08'),
(654, 'CITIL/16-17/P533', '2017-01-06', 12, 'X6W75PA', 'HP 240G5 Laptop', '5CG62964ZS', 1, 32, 'P209102', '2016-12-09', 3, '2019-12-08'),
(655, 'CITIL/16-17/P533', '2017-01-06', 12, 'X6W75PA', 'HP 240G5 Laptop', '5CG635237Q', 1, 32, 'P209102', '2016-12-09', 3, '2019-12-08'),
(656, 'CITIL/16-17/P533', '2017-01-06', 12, 'X6W75PA', 'HP 240G5 Laptop', '5CG6351ZXX', 1, 32, 'P209102', '2016-12-09', 3, '2019-12-08'),
(657, 'CITIL/16-17/P533', '2017-01-06', 12, 'X6W75PA', 'HP 240G5 Laptop', '5CG62964WZ', 1, 32, 'P209102', '2016-12-09', 3, '2019-12-08'),
(658, 'CITIL/16-17/P533', '2017-01-06', 12, 'X6W75PA', 'HP 240G5 Laptop', '5CG62963FS', 1, 32, 'P209102', '2016-12-09', 3, '2019-12-08'),
(659, 'CITIL/16-17/P533', '2017-01-06', 12, 'X6W75PA', 'HP 240G5 Laptop', '5CG6352D0P', 1, 32, 'P209102', '2016-12-09', 3, '2019-12-08'),
(660, 'CITIL/16-17/P533', '2017-01-06', 12, 'X6W75PA', 'HP 240G5 Laptop', '5CG6296368', 1, 32, 'P209102', '2016-12-09', 3, '2019-12-08'),
(661, 'CITIL/16-17/P533', '2017-01-06', 12, 'X6W75PA', 'HP 240G5 Laptop', '5CG63521CY', 1, 32, 'P209061', '2016-12-09', 3, '2019-12-08'),
(662, 'CITIL/16-17/P533', '2017-01-06', 12, 'X6W75PA', 'HP 240G5 Laptop', '5CH635278H', 1, 32, 'P209102', '2016-12-09', 3, '2019-12-08'),
(663, 'CITIL/16-17/P533', '2017-01-06', 12, 'X6W75PA', 'HP 240G5 Laptop', '5CG631WQG', 1, 32, 'P209102', '2016-12-09', 3, '2019-12-08'),
(664, 'CITIL/16-17/P533', '2017-01-06', 12, 'X6W75PA', 'HP 240G5 Laptop', '5CG6352BJM', 1, 32, 'P209100', '2016-12-09', 3, '2019-12-08'),
(665, 'CITIL/16-17/P533', '2017-01-06', 12, 'X6W75PA', 'HP 240G5 Laptop', '5CG6351VXG', 1, 32, 'P209100', '2016-12-09', 3, '2019-12-08'),
(666, 'CITIL/16-17/P533', '2017-01-06', 12, 'X6W75PA', 'HP 240G5 Laptop', '5CG6352C56', 1, 32, 'P209100', '2016-12-09', 3, '2019-12-08'),
(667, 'CITIL/16-17/P533', '2017-01-06', 12, 'X6W75PA', 'HP 240G5 Laptop', '5CG62964N7', 1, 32, 'P209100', '2016-12-09', 3, '2019-12-08'),
(668, 'CITIL/16-17/P533', '2017-01-06', 12, 'X6W75PA', 'HP 240G5 Laptop', '5CG63522RD', 1, 32, 'P209102', '2016-12-09', 3, '2019-12-08'),
(669, 'CITIL/16-17/P533', '2017-01-06', 12, 'X6W75PA', 'HP 240G5 Laptop', '5CG62962XP', 1, 32, 'P209100', '2016-12-09', 3, '2019-12-08'),
(670, 'CITIL/16-17/P533', '2017-01-06', 12, 'X6W75PA', 'HP 240G5 Laptop', '5CG635268L', 1, 32, 'P209100', '2016-12-09', 3, '2019-12-08'),
(686, 'CITIL/16-17/P-470', '2017-12-15', 12, 'X6W75PA', 'HP 240G5 Laptop', '5CG6352CXQ', 1, 32, 'P209061', '2016-12-08', 3, '2019-12-07'),
(687, 'CITIL/16-17/P-470', '2017-12-15', 12, 'X6W75PA', 'HP 240G5 Laptop', '5CG6351WZ4', 1, 32, 'P209061', '2016-12-08', 3, '2019-12-07'),
(688, 'CITIL/16-17/P-470', '2017-12-15', 12, 'X6W75PA', 'HP 240G5 Laptop', '5CG635255N', 1, 32, 'P209061', '2016-12-08', 3, '2019-12-07'),
(689, 'CITIL/16-17/P-470', '2017-12-15', 12, 'X6W75PA', 'HP 240G5 Laptop', '5CG6351YDN', 1, 32, 'P209061', '2016-12-08', 3, '2019-12-07'),
(690, 'CITIL/16-17/P-470', '2017-12-15', 12, 'X6W75PA', 'HP 240G5 Laptop', '5CG63522PY', 1, 32, 'P209061', '2016-12-08', 3, '2019-12-07'),
(691, 'CITIL/16-17/P-470', '2017-12-15', 12, 'X6W75PA', 'HP 240G5 Laptop', '5CG6352CT4', 1, 32, 'P209061', '2016-12-08', 3, '2019-12-07'),
(692, 'CITIL/16-17/P-470', '2017-12-15', 12, 'X6W75PA', 'HP 240G5 Laptop', '5CG62964N0', 1, 32, 'P209061', '2016-12-08', 3, '2019-12-07'),
(693, 'CITIL/16-17/P-470', '2017-12-15', 12, 'X6W75PA', 'HP 240G5 Laptop', '5CG6352DJD', 1, 32, 'P209061', '2016-12-08', 3, '2019-12-07'),
(694, 'CITIL/16-17/P-470', '2017-12-15', 12, 'X6W75PA', 'HP 240G5 Laptop', '5CG6351Y1B', 1, 32, 'P209061', '2016-12-08', 3, '2019-12-07'),
(695, 'CITIL/16-17/P-470', '2017-12-15', 12, 'X6W75PA', 'HP 240G5 Laptop', '5CG63522TL', 1, 32, 'P209061', '2016-12-08', 3, '2019-12-07'),
(696, 'CITIL/16-17/P-470', '2017-12-15', 12, 'X6W75PA', 'HP 240G5 Laptop', '5CG6351Z4B', 1, 32, 'P209061', '2016-12-08', 3, '2019-12-07'),
(697, 'CITIL/16-17/P-470', '2017-12-15', 12, 'X6W75PA', 'HP 240G5 Laptop', '5CG629647F', 1, 32, 'P209061', '2016-12-08', 3, '2019-12-07'),
(698, 'CITIL/16-17/P-470', '2017-12-15', 12, 'X6W75PA', 'HP 240G5 Laptop', '5CG635292Q', 1, 32, 'P209061', '2016-12-08', 3, '2019-12-07'),
(699, 'CITIL/16-17/P-470', '2017-12-15', 12, 'X6W75PA', 'HP 240G5 Laptop', '5CG62965JW', 1, 32, 'P209061', '2016-12-08', 3, '2019-12-07'),
(700, 'CITIL/16-17/P-470', '2017-12-15', 12, 'X6W75PA', 'HP 240G5 Laptop', '5CG6351XGS', 1, 32, 'P209061', '2016-12-08', 3, '2019-12-07'),
(744, 'CITIL/16-17/P521', '2017-01-02', 12, 'X6W75PA', 'HP 240G5 Laptop', '5CG63258X0', 1, 32, 'P209100', '2016-12-09', 3, '2019-12-08'),
(745, 'CITIL/16-17/P521', '2017-01-02', 12, 'X6W75PA', 'HP 240G5 Laptop', '5CG6296353', 1, 32, 'P209100', '2016-12-09', 3, '2019-12-08'),
(746, 'CITIL/16-17/P521', '2017-01-02', 12, 'X6W75PA', 'HP 240G5 Laptop', '5CG629630B', 1, 32, 'P209100', '2016-12-09', 3, '2019-12-08'),
(747, 'CITIL/16-17/P521', '2017-01-02', 12, 'X6W75PA', 'HP 240G5 Laptop', '5CG6351WG9', 1, 32, 'P209100', '2016-12-09', 3, '2019-12-08'),
(748, 'CITIL/16-17/P521', '2017-01-02', 12, 'X6W75PA', 'HP 240G5 Laptop', '5CG6351ZM6', 1, 32, 'P209100', '2016-12-09', 3, '2019-12-08'),
(749, 'CITIL/16-17/P521', '2017-01-02', 12, 'X6W75PA', 'HP 240G5 Laptop', '5CG632510C', 1, 32, 'P209100', '2016-12-09', 3, '2019-12-08'),
(750, 'CITIL/16-17/P521', '2017-01-02', 12, 'X6W75PA', 'HP 240G5 Laptop', '5CG635251C', 1, 32, 'P209100', '2016-12-09', 3, '2019-12-08'),
(751, 'CITIL/16-17/P521', '2017-01-02', 12, 'X6W75PA', 'HP 240G5 Laptop', '5CG63524FT', 1, 32, 'P209100', '2016-12-09', 3, '2019-12-08'),
(752, 'CITIL/16-17/P521', '2017-01-02', 12, 'X6W75PA', 'HP 240G5 Laptop', '5CG63522HB', 1, 32, 'P209100', '2016-12-09', 3, '2019-12-08'),
(753, 'CITIL/16-17/P521', '2017-01-02', 12, 'X6W75PA', 'HP 240G5 Laptop', '5CG6352CCT', 1, 32, 'P209100', '2016-12-09', 3, '2019-12-08'),
(754, 'CITIL/16-17/P521', '2017-01-02', 12, 'X6W75PA', 'HP 240G5 Laptop', '5CG6352FVV', 1, 32, 'P209100', '2016-12-09', 3, '2019-12-08'),
(755, 'CITIL/16-17/P521', '2017-01-02', 12, 'X6W75PA', 'HP 240G5 Laptop', '5CG6351XZK', 1, 32, 'P209100', '2016-12-09', 3, '2019-12-08'),
(756, 'CITIL/16-17/P521', '2017-01-02', 12, 'X6W75PA', 'HP 240G5 Laptop', '5CG6352BWZ', 1, 32, 'P209100', '2016-12-09', 3, '2019-12-08'),
(757, 'CITIL/16-17/P521', '2017-01-02', 12, 'X6W75PA', 'HP 240G5 Laptop', '5CG6352CSV', 1, 32, 'P209100', '2016-12-09', 3, '2019-12-08'),
(758, 'CITIL/16-17/P521', '2017-01-02', 12, 'X6W75PA', 'HP 240G5 Laptop', '5CG6351YF2', 1, 32, 'P209100', '2016-12-09', 3, '2019-12-08'),
(759, 'CITIL/16-17/P521', '2017-01-02', 12, 'X6W75PA', 'HP 240G5 Laptop', '5CG6352DRF', 1, 32, 'P209100', '2016-12-09', 3, '2019-12-08'),
(760, 'CITIL/16-17/P521', '2017-01-02', 12, 'X6W75PA', 'HP 240G5 Laptop', '5CG635242N', 1, 32, 'P209100', '2016-12-09', 3, '2019-12-08'),
(761, 'CITIL/16-17/P521', '2017-01-02', 12, 'X6W75PA', 'HP 240G5 Laptop', '5CG63524PR', 1, 32, 'P209100', '2016-12-09', 3, '2019-12-08'),
(762, 'CITIL/16-17/P521', '2017-01-02', 12, 'X6W75PA', 'HP 240G5 Laptop', '5CG6351Z6J', 1, 32, 'P209100', '2016-12-09', 3, '2019-12-08'),
(763, 'CITIL/16-17/P521', '2017-01-02', 12, 'X6W75PA', 'HP 240G5 Laptop', '5CG6352D4K', 1, 32, 'P209100', '2016-12-09', 3, '2019-12-08'),
(764, 'CITIL/16-17/P521', '2017-01-02', 12, 'X6W75PA', 'HP 240G5 Laptop', '5CG63524DB', 1, 32, 'P209100', '2016-12-09', 3, '2019-12-08'),
(765, 'CITIL/16-17/P521', '2017-01-02', 12, 'X6W75PA', 'HP 240G5 Laptop', '5CG629646F', 1, 32, 'P209100', '2016-12-09', 3, '2019-12-08'),
(766, 'CITIL/16-17/P521', '2017-01-02', 12, 'X6W75PA', 'HP 240G5 Laptop', '5CG6352C3R', 1, 32, 'P209100', '2016-12-09', 3, '2019-12-08'),
(767, 'CITIL/16-17/P521', '2017-01-02', 12, 'X6W75PA', 'HP 240G5 Laptop', '5CG63522N6', 1, 32, 'P209100', '2016-12-09', 3, '2019-12-08'),
(768, 'CITIL/16-17/P521', '2017-01-02', 12, 'X6W75PA', 'HP 240G5 Laptop', '5CG6351Y3C', 1, 32, 'P209100', '2016-12-09', 3, '2019-12-08'),
(769, 'CITIL/16-17/P521', '2017-01-02', 12, 'X6W75PA', 'HP 240G5 Laptop', '5CG63520ZK', 1, 32, 'P209100', '2016-12-09', 3, '2019-12-08'),
(770, 'CITIL/16-17/P521', '2017-01-02', 12, 'X6W75PA', 'HP 240G5 Laptop', '5CG635233D', 1, 32, 'P209100', '2016-12-09', 3, '2019-12-08'),
(771, 'CITIL/16-17/P521', '2017-01-02', 12, 'X6W75PA', 'HP 240G5 Laptop', '5CG6351W81', 1, 32, 'P209100', '2016-12-09', 3, '2019-12-08'),
(772, 'CITIL/16-17/P521', '2017-01-02', 12, 'X6W75PA', 'HP 240G5 Laptop', '5CG6351VGF', 1, 32, 'P209100', '2016-12-09', 3, '2019-12-08'),
(773, 'CITIL/16-17/P521', '2017-01-02', 12, 'X6W75PA', 'HP 240G5 Laptop', '5CG63529WV', 1, 32, 'P209100', '2016-12-09', 3, '2019-12-08'),
(774, 'CITIL/16-17/P521', '2017-01-02', 12, 'X6W75PA', 'HP 240G5 Laptop', '5CG6351WCJ', 1, 32, 'P209100', '2016-12-09', 3, '2019-12-08'),
(775, 'CITIL/16-17/P521', '2017-01-02', 12, 'X6W75PA', 'HP 240G5 Laptop', '5CG62962W8', 1, 32, 'P209100', '2016-12-09', 3, '2019-12-08'),
(776, 'CITIL/16-17/P521', '2017-01-02', 12, 'X6W75PA', 'HP 240G5 Laptop', '5CG635210C', 1, 32, 'P209100', '2016-12-09', 3, '2019-12-08'),
(777, 'CITIL/16-17/P521', '2017-01-02', 12, 'X6W75PA', 'HP 240G5 Laptop', '5CG63522ZM', 1, 32, 'P209100', '2016-12-09', 3, '2019-12-08'),
(778, 'CITIL/16-17/P521', '2017-01-02', 12, 'X6W75PA', 'HP 240G5 Laptop', '5CG63522KB', 1, 32, 'P209100', '2016-12-09', 3, '2019-12-08'),
(779, 'CITIL/16-17/P521', '2017-01-02', 12, 'X6W75PA', 'HP 240G5 Laptop', '5CG63522VN', 1, 32, 'P209100', '2016-12-09', 3, '2019-12-08'),
(780, 'CITIL/16-17/P521', '2017-01-02', 12, 'X6W75PA', 'HP 240G5 Laptop', '5CG635220L', 1, 32, 'P209100', '2016-12-09', 3, '2019-12-08'),
(781, 'CITIL/16-17/P521', '2017-01-02', 12, 'X6W75PA', 'HP 240G5 Laptop', '5CG63522T3', 1, 32, 'P209100', '2016-12-09', 3, '2019-12-08'),
(782, 'CITIL/16-17/P521', '2017-01-02', 12, 'X6W75PA', 'HP 240G5 Laptop', '5CG6351YBR', 1, 32, 'P209100', '2016-12-09', 3, '2019-12-08'),
(783, 'CITIL/16-17/P521', '2017-01-02', 12, 'X6W75PA', 'HP 240G5 Laptop', '5CG63524K1', 1, 32, 'P209100', '2016-12-09', 3, '2019-12-08'),
(784, 'CITIL/16-17/P521', '2017-01-02', 12, 'X6W75PA', 'HP 240G5 Laptop', '5CG6351XW7', 1, 32, 'P209100', '2016-12-09', 3, '2019-12-08'),
(785, 'CITIL/16-17/P521', '2017-01-02', 12, 'X6W75PA', 'HP 240G5 Laptop', '5CG62965HM', 1, 32, 'P209100', '2016-12-09', 3, '2019-12-08'),
(786, 'CITIL/16-17/P521', '2017-01-02', 12, 'X6W75PA', 'HP 240G5 Laptop', '5CG63522SN', 1, 32, 'P209100', '2016-12-09', 3, '2019-12-08'),
(788, 'CITIL/16-17/P-612', '2017-03-01', 42, 'Z3P95A', 'HP Z240 Workstation With 16 Gb Ram', 'SGH649PDTH', 1, 32, 'P213935', '2017-02-28', 3, '2020-02-27'),
(789, 'CITIL/16-17/P-612', '2017-03-01', 42, 'Z3P95A', 'HP Z240 Workstation With 16 Gb Ram', 'SGH649PDTK', 1, 32, 'P213935', '2017-02-28', 3, '2020-02-27'),
(790, 'CITIL/16-17/P-612', '2017-03-01', 42, 'Z3P95A', 'HP Z240 Workstation With 16 Gb Ram', 'SGH649PDV0', 1, 32, 'P213935', '2017-02-28', 3, '2020-02-27'),
(791, 'CITIL/16-17/P-611', '2017-03-01', 42, 'Z3P95A', 'HP Z240 Workstation With 16 Gb Ram', 'SGH649PDV5', 1, 32, 'P213935', '2017-02-28', 3, '2020-02-27'),
(792, 'CITIL/16-17/P-611', '2017-03-01', 42, 'Z3P95A', 'HP Z240 Workstation With 16 Gb Ram', 'SGH649PDWB', 1, 32, 'P213935', '2017-02-28', 3, '2020-02-27'),
(793, 'CITIL/16-17/P-611', '2017-03-01', 42, 'Z3P95A', 'HP Z240 Workstation With 16 Gb Ram', 'SGH649PDWD', 1, 32, 'P213935', '2017-02-28', 3, '2020-02-27'),
(794, 'CITIL/16-17/P-611', '2017-03-01', 42, 'Z3P95A', 'HP Z240 Workstation With 16 Gb Ram', 'SGH649PDWH', 1, 32, 'P213935', '2017-02-28', 3, '2020-02-27'),
(795, 'CITIL/16-17/P-611', '2017-03-01', 42, 'Z3P95A', 'HP Z240 Workstation With 16 Gb Ram', 'SGH649PDWL', 1, 32, 'P213935', '2017-02-28', 3, '2020-02-27'),
(796, 'CITIL/16-17/P-611', '2017-03-01', 42, 'Z3P95A', 'HP Z240 Workstation With 16 Gb Ram', 'SGH649PDWM', 1, 32, 'P213935', '2017-02-28', 3, '2020-02-27'),
(797, 'CITIL/16-17/P-611', '2017-03-01', 42, 'Z3P95A', 'HP Z240 Workstation With 16 Gb Ram', 'SGH649PDXM', 1, 32, 'P213935', '2017-02-28', 3, '2020-02-27'),
(808, 'CITIL/17-18/P073', '2017-05-26', 42, 'Z3P95Pa', 'HP Z240 Workstation', 'SGH649PDKP', 1, 32, 'P218791', '2017-05-26', 3, '2020-05-24'),
(809, 'CITIL/17-18/P073', '2017-05-26', 42, 'Z3P95Pa', 'HP Z240 Workstation', 'SGH649PDKQ', 1, 32, 'P218791', '2017-05-26', 3, '2020-05-24'),
(810, 'CITIL/17-18/P073', '2017-05-26', 42, 'Z3P95Pa', 'HP Z240 Workstation', 'SGH649PDKR', 1, 32, 'P218791', '2017-05-26', 3, '2020-05-24'),
(811, 'CITIL/17-18/P073', '2017-05-26', 42, 'Z3P95Pa', 'HP Z240 Workstation', 'SGH649PDL7', 1, 32, 'P218791', '2017-05-26', 3, '2020-05-24'),
(812, 'CITIL/17-18/P073', '2017-05-26', 42, 'Z3P95Pa', 'HP Z240 Workstation', 'SGH649PDSF', 1, 32, 'P218791', '2017-05-26', 3, '2020-05-24'),
(813, 'CITIL/17-18/P073', '2017-05-26', 42, 'M1N98AA', 'HP Elite E232 23\" Monitor', 'CN47070PYV', 1, 32, 'P217890', '2017-05-26', 3, '2020-05-24'),
(814, 'CITIL/17-18/P073', '2017-05-26', 42, 'M1N98AA', 'HP Elite E232 23\" Monitor', 'CN47070PZD', 1, 32, 'P217890', '2017-05-26', 3, '2020-05-24'),
(815, 'CITIL/17-18/P073', '2017-05-26', 42, 'M1N98AA', 'HP Elite E232 23\" Monitor', 'CN47070PZ5', 1, 32, 'P217890', '2017-05-26', 3, '2020-05-24'),
(816, 'CITIL/17-18/P073', '2017-05-26', 42, 'M1N98AA', 'HP Elite E232 23\" Monitor', 'CN47070QCY', 1, 32, 'P217890', '2017-05-26', 3, '2020-05-24'),
(817, 'CITIL/17-18/P073', '2017-05-26', 42, 'M1N98AA', 'HP Elite E232 23\" Monitor', 'CN47070QSK', 1, 32, 'P217890', '2017-05-26', 3, '2020-05-24'),
(818, 'CITIL/17-18/P074', '2017-05-26', 42, 'Z3P95Pa', 'HP Z240 Workstation', 'SGH649PDTF', 1, 32, 'P218791', '2017-05-26', 3, '2020-05-24'),
(819, 'CITIL/17-18/P074', '2017-05-26', 42, 'Z3P95Pa', 'HP Z240 Workstation', 'SGH649PDV2', 1, 32, 'P218791', '2017-05-26', 3, '2020-05-24'),
(820, 'CITIL/17-18/P074', '2017-05-26', 42, 'Z3P95Pa', 'HP Z240 Workstation', 'SGH649PDXK', 1, 32, 'P218791', '2017-05-26', 3, '2020-05-24'),
(821, 'CITIL/17-18/P074', '2017-05-26', 42, 'Z3P95Pa', 'HP Z240 Workstation', 'SGH649PDX3', 1, 32, 'P218791', '2017-05-26', 3, '2020-05-24'),
(822, 'CITIL/17-18/P074', '2017-05-26', 42, 'Z3P95Pa', 'HP Z240 Workstation', 'SGH649PDY0', 1, 32, 'P218791', '2017-05-26', 3, '2020-05-24'),
(823, 'CITIL/17-18/P074', '2017-05-26', 42, 'M1N98AA', 'HP Elite E232 23\" Monitor', 'CN47070Q7R', 1, 32, 'P217890', '2017-05-26', 3, '2020-05-24'),
(824, 'CITIL/17-18/P074', '2017-05-26', 42, 'M1N98AA', 'HP Elite E232 23\" Monitor', 'CN47070Q9K', 1, 32, 'P217890', '2017-05-26', 3, '2020-05-24'),
(825, 'CITIL/17-18/P074', '2017-05-26', 42, 'M1N98AA', 'HP Elite E232 23\" Monitor', 'CN47070Q9P', 1, 32, 'P217890', '2017-05-26', 3, '2020-05-24'),
(826, 'CITIL/17-18/P074', '2017-05-26', 42, 'M1N98AA', 'HP Elite E232 23\" Monitor', 'CN47070Q9W', 1, 32, 'P217890', '2017-05-26', 3, '2020-05-24'),
(827, 'CITIL/17-18/P074', '2017-05-26', 42, 'M1N98AA', 'HP Elite E232 23\" Monitor', 'CN47070Q7P', 1, 32, 'P217890', '2017-05-26', 3, '2020-05-24'),
(828, '17180319', '2017-12-26', 21, ' - ', 'APC RT 19\" RAILKIT', 'SB21731000010', 1, 32, 'P226873', '2017-10-12', 2, '2019-10-12'),
(829, '17180319', '2017-12-26', 21, ' - ', 'APC RT 19\" RAILKIT', 'SB21731000013', 1, 32, 'P226873', '2017-10-12', 2, '2019-10-12'),
(830, 'CITIL/16-17/P-603', '2017-02-27', 31, 'M5R99AV', 'HP 1040 Notebook', '5CD70634P6', 1, 32, 'P213654', '2017-02-25', 3, '2020-02-24'),
(831, 'CITIL/16-17/P-612', '2017-03-01', 42, 'Z3P95A', 'HP Z240 Workstation With 16 Gb Ram', 'SGH649DTH', 1, 32, 'P213935', '2017-02-28', 3, '2020-02-27'),
(832, 'CITIL/16-17/P-612', '2017-03-01', 42, 'Z3P95A', 'HP Z240 Workstation With 16 Gb Ram', 'SGH649DTK', 1, 32, 'P213935', '2017-02-28', 3, '2020-02-27'),
(833, 'CITIL/16-17/P-612', '2017-03-01', 42, 'Z3P95A', 'HP Z240 Workstation With 16 Gb Ram', 'SGH649DV0', 1, 32, 'P213935', '2017-02-28', 3, '2020-02-27'),
(834, 'CITIL/16-17/P-611', '2017-03-01', 42, 'Z3P95A', 'HP Z240 Workstation With 16 Gb Ram', 'SGH649DV5', 1, 32, 'P213935', '2017-02-28', 3, '2020-02-27'),
(835, 'CITIL/16-17/P-611', '2017-03-01', 42, 'Z3P95A', 'HP Z240 Workstation With 16 Gb Ram', 'SGH649DWB', 1, 32, 'P213935', '2017-02-28', 3, '2020-02-27'),
(836, 'CITIL/16-17/P-611', '2017-03-01', 42, 'Z3P95A', 'HP Z240 Workstation With 16 Gb Ram', 'SGH649DWD', 1, 32, 'P213935', '2017-02-28', 3, '2020-02-27'),
(837, 'CITIL/16-17/P-611', '2017-03-01', 42, 'Z3P95A', 'HP Z240 Workstation With 16 Gb Ram', 'SGH649DWH', 1, 32, 'P213935', '2017-02-28', 3, '2020-02-27'),
(838, 'CITIL/16-17/P-611', '2017-03-01', 42, 'Z3P95A', 'HP Z240 Workstation With 16 Gb Ram', 'SGH649DWL', 1, 32, 'P213935', '2017-02-28', 3, '2020-02-27'),
(839, 'CITIL/16-17/P-611', '2017-03-01', 42, 'Z3P95A', 'HP Z240 Workstation With 16 Gb Ram', 'SGH649DWM', 1, 32, 'P213935', '2017-02-28', 3, '2020-02-27'),
(840, 'CITIL/16-17/P-611', '2017-03-01', 42, 'Z3P95A', 'HP Z240 Workstation With 16 Gb Ram', 'SGH649DXM', 1, 32, 'P213935', '2017-02-28', 3, '2020-02-27'),
(841, 'CITIL/16-17/P-611', '2017-03-01', 42, 'M1N98AA', 'HP E232 23\" LED Monitor', '3CQ6481XBV', 1, 32, 'P213935', '2017-02-28', 3, '2020-02-27'),
(842, 'CITIL/16-17/P-611', '2017-03-01', 42, 'M1N98AA', 'HP E232 23\" LED Monitor', '3CQ6481XCQ', 1, 32, 'P213935', '2017-02-28', 3, '2020-02-27'),
(843, 'CITIL/16-17/P-611', '2017-03-01', 42, 'M1N98AA', 'HP E232 23\" LED Monitor', '3CQ6481XC3', 1, 32, 'P213935', '2017-02-28', 3, '2020-02-27'),
(844, 'CITIL/16-17/P-611', '2017-03-01', 42, 'M1N98AA', 'HP E232 23\" LED Monitor', '3CQ6481XD8', 1, 32, 'P213935', '2017-02-28', 3, '2020-02-27'),
(845, 'CITIL/16-17/P-611', '2017-03-01', 42, 'M1N98AA', 'HP E232 23\" LED Monitor', '3CQ6481XNL', 1, 32, 'P213935', '2017-02-28', 3, '2020-02-27'),
(846, 'CITIL/16-17/P-611', '2017-03-01', 42, 'M1N98AA', 'HP E232 23\" LED Monitor', '3CQ6481XP3', 1, 32, 'P213935', '2017-02-28', 3, '2020-02-27'),
(847, 'CITIL/16-17/P-611', '2017-03-01', 42, 'M1N98AA', 'HP E232 23\" LED Monitor', '3CQ6481XP6', 1, 32, 'P213935', '2017-02-28', 3, '2020-02-27'),
(848, 'CITIL/16-17/P-611', '2017-03-01', 42, 'M1N98AA', 'HP E232 23\" LED Monitor', '3CQ6481XP8', 1, 32, 'P213935', '2017-02-28', 3, '2020-02-27'),
(849, 'CITIL/16-17/P-611', '2017-03-01', 42, 'M1N98AA', 'HP E232 23\" LED Monitor', '3CQ6481XQ1', 1, 32, 'P213935', '2017-02-28', 3, '2020-02-27'),
(850, 'CITIL/16-17/P-611', '2017-03-01', 42, 'M1N98AA', 'HP E232 23\" LED Monitor', '3CQ6481XXQ', 1, 32, 'P213935', '2017-02-28', 3, '2020-02-27'),
(851, '18190045', '2018-04-24', 22, 'SURT192XLBP', 'APC 192V BATTERY PACK', 'SB21747040476', 1, 32, 'P235503', '2018-04-23', 2, '2020-04-21'),
(852, '18190045', '2018-04-24', 22, 'SURTRK2', 'RAIL KIT FOR UPS', 'SB21734005714', 1, 32, 'P235503', '2018-04-23', 2, '2020-04-21'),
(853, '18190045', '2018-04-24', 22, 'SURTRK2', 'RAIL KIT FOR UPS', 'SB21734005812', 1, 32, 'P235503', '2018-04-23', 2, '2020-04-21'),
(854, '18190643', '2019-03-14', 1, 'POLY1557', 'VVX 411 DESKTOP PHONE - POLYCOM', '64167F66CA9B', 1, 32, 'P251056', '2019-03-14', 1, '2020-03-12'),
(855, '18190643', '2019-03-14', 1, 'POLY1557', 'VVX 411 DESKTOP PHONE - POLYCOM', '64167F66CB9D', 1, 32, 'P251056', '2019-03-14', 1, '2020-03-12'),
(856, '18190643', '2019-03-14', 1, 'POLY1557', 'VVX 411 DESKTOP PHONE - POLYCOM', '64167F66CFF4', 1, 32, 'P251056', '2019-03-14', 1, '2020-03-12'),
(857, '18190643', '2019-03-14', 1, 'POLY1557', 'VVX 411 DESKTOP PHONE - POLYCOM', '64167F66C128', 1, 32, 'P251056', '2019-03-14', 1, '2020-03-12'),
(858, '18190643', '2019-03-14', 1, 'POLY1557', 'VVX 411 DESKTOP PHONE - POLYCOM', '64167F66C3B5', 1, 32, 'P251056', '2019-03-14', 1, '2020-03-12'),
(859, '18190643', '2019-03-14', 1, 'POLY1557', 'VVX 411 DESKTOP PHONE - POLYCOM', '64167F66C4F0', 1, 32, 'P251056', '2019-03-14', 1, '2020-03-12'),
(860, '18190643', '2019-03-14', 1, 'POLY1557', 'VVX 411 DESKTOP PHONE - POLYCOM', '64167F66C87A', 1, 32, 'P251056', '2019-03-14', 1, '2020-03-12'),
(861, '18190643', '2019-03-14', 1, 'POLY1557', 'VVX 411 DESKTOP PHONE - POLYCOM', '64167F66C901', 1, 32, 'P251056', '2019-03-14', 1, '2020-03-12'),
(862, '18190643', '2019-03-14', 1, 'POLY1557', 'VVX 411 DESKTOP PHONE - POLYCOM', '64167F66C964', 1, 32, 'P251056', '2019-03-14', 1, '2020-03-12'),
(863, '18190643', '2019-03-14', 1, 'POLY1557', 'VVX 411 DESKTOP PHONE - POLYCOM', '64167F66D009', 1, 32, 'P251056', '2019-03-14', 1, '2020-03-12'),
(865, '18190668', '2019-03-26', 18, '  -', 'EXIDE MAKE SMF 12V BATTERY 120AH', '4OK052407011037', 1, 30, 'AR1819A/1683', '2019-03-14', 1, '2020-03-12'),
(866, '18190668', '2019-03-26', 18, '  -', 'EXIDE MAKE SMF 12V BATTERY 120AH', '4OK052401010871', 1, 30, 'AR1819A/1683', '2019-03-14', 1, '2020-03-12'),
(867, '18190668', '2019-03-26', 18, '  -', 'EXIDE MAKE SMF 12V BATTERY 120AH', '4OK052401010923', 1, 30, 'AR1819A/1683', '2019-03-14', 1, '2020-03-12'),
(868, '18190668', '2019-03-26', 18, '  -', 'EXIDE MAKE SMF 12V BATTERY 120AH', '4OK052401010873', 1, 30, 'AR1819A/1683', '2019-03-14', 1, '2020-03-12'),
(869, '18190668', '2019-03-26', 18, '  -', 'EXIDE MAKE SMF 12V BATTERY 120AH', '4OK052401010894', 1, 30, 'AR1819A/1683', '2019-03-14', 1, '2020-03-12'),
(870, '18190668', '2019-03-26', 18, '  -', 'EXIDE MAKE SMF 12V BATTERY 120AH', '4OK052401010892', 1, 30, 'AR1819A/1683', '2019-03-14', 1, '2020-03-12'),
(871, '18190668', '2019-03-26', 18, '  -', 'EXIDE MAKE SMF 12V BATTERY 120AH', '4OK052401010897', 1, 30, 'AR1819A/1683', '2019-03-14', 1, '2020-03-12'),
(872, '18190668', '2019-03-26', 18, '  -', 'EXIDE MAKE SMF 12V BATTERY 120AH', '4OK052401010895', 1, 30, 'AR1819A/1683', '2019-03-14', 1, '2020-03-12'),
(873, '18190668', '2019-03-26', 18, '  -', 'EXIDE MAKE SMF 12V BATTERY 120AH', '4OK052517011892', 1, 30, 'AR1819A/1683', '2019-03-14', 1, '2020-03-12'),
(874, '18190668', '2019-03-26', 18, '  -', 'EXIDE MAKE SMF 12V BATTERY 120AH', '4OK052517011889', 1, 30, 'AR1819A/1683', '2019-03-14', 1, '2020-03-12'),
(875, '18190668', '2019-03-26', 18, '  -', 'EXIDE MAKE SMF 12V BATTERY 120AH', '4OK052517011834', 1, 30, 'AR1819A/1683', '2019-03-14', 1, '2020-03-12'),
(876, '18190668', '2019-03-26', 18, '  -', 'EXIDE MAKE SMF 12V BATTERY 120AH', '4OK052401010870', 1, 30, 'AR1819A/1683', '2019-03-14', 1, '2020-03-12'),
(877, '18190668', '2019-03-26', 18, '  -', 'EXIDE MAKE SMF 12V BATTERY 120AH', '4OK052401010907', 1, 30, 'AR1819A/1683', '2019-03-14', 1, '2020-03-12'),
(878, '18190668', '2019-03-26', 18, '  -', 'EXIDE MAKE SMF 12V BATTERY 120AH', '4OK052401010908', 1, 30, 'AR1819A/1683', '2019-03-14', 1, '2020-03-12'),
(879, '18190668', '2019-03-26', 18, '  -', 'EXIDE MAKE SMF 12V BATTERY 120AH', '4OK052401010924', 1, 30, 'AR1819A/1683', '2019-03-14', 1, '2020-03-12'),
(880, '18190668', '2019-03-26', 18, '  -', 'EXIDE MAKE SMF 12V BATTERY 120AH', '4OK052517011822', 1, 30, 'AR1819A/1683', '2019-03-14', 1, '2020-03-12'),
(881, '18190668', '2019-03-26', 18, '  -', 'EXIDE MAKE SMF 12V BATTERY 120AH', '4OK052517011831', 1, 30, 'AR1819A/1683', '2019-03-14', 1, '2020-03-12'),
(882, '18190668', '2019-03-26', 18, '  -', 'EXIDE MAKE SMF 12V BATTERY 120AH', '4OK052517011898', 1, 30, 'AR1819A/1683', '2019-03-14', 1, '2020-03-12'),
(883, '18190668', '2019-03-26', 18, '  -', 'EXIDE MAKE SMF 12V BATTERY 120AH', '4OK052517011833', 1, 30, 'AR1819A/1683', '2019-03-14', 1, '2020-03-12'),
(884, '18190668', '2019-03-26', 18, '  -', 'EXIDE MAKE SMF 12V BATTERY 120AH', '4OK052517011900', 1, 30, 'AR1819A/1683', '2019-03-14', 1, '2020-03-12'),
(885, '18190668', '2019-03-26', 18, '  -', 'EXIDE MAKE SMF 12V BATTERY 120AH', '4OK052401010882', 1, 30, 'AR1819A/1683', '2019-03-14', 1, '2020-03-12'),
(886, '18190668', '2019-03-26', 18, '  -', 'EXIDE MAKE SMF 12V BATTERY 120AH', '4OK052401010902', 1, 30, 'AR1819A/1683', '2019-03-14', 1, '2020-03-12'),
(887, '18190668', '2019-03-26', 18, '  -', 'EXIDE MAKE SMF 12V BATTERY 120AH', '4OK052517011835', 1, 30, 'AR1819A/1683', '2019-03-14', 1, '2020-03-12'),
(888, '18190668', '2019-03-26', 18, '  -', 'EXIDE MAKE SMF 12V BATTERY 120AH', '4OK052517011891', 1, 30, 'AR1819A/1683', '2019-03-14', 1, '2020-03-12'),
(889, '18190668', '2019-03-26', 18, '  -', 'EXIDE MAKE SMF 12V BATTERY 120AH', '4OK052517011894', 1, 30, 'AR1819A/1683', '2019-03-14', 1, '2020-03-12'),
(890, '18190668', '2019-03-26', 18, '  -', 'EXIDE MAKE SMF 12V BATTERY 120AH', '4OK052301010044', 1, 30, 'AR1819A/1683', '2019-03-14', 1, '2020-03-12'),
(891, '18190668', '2019-03-26', 18, '  -', 'EXIDE MAKE SMF 12V BATTERY 120AH', '4OK052301010054', 1, 30, 'AR1819A/1683', '2019-03-14', 1, '2020-03-12'),
(892, '18190668', '2019-03-26', 18, '  -', 'EXIDE MAKE SMF 12V BATTERY 120AH', '4OK052301010045', 1, 30, 'AR1819A/1683', '2019-03-14', 1, '2020-03-12'),
(893, '18190668', '2019-03-26', 18, '  -', 'EXIDE MAKE SMF 12V BATTERY 120AH', '4OK052302010068', 1, 30, 'AR1819A/1683', '2019-03-14', 1, '2020-03-12'),
(894, '18190668', '2019-03-26', 18, '  -', 'EXIDE MAKE SMF 12V BATTERY 120AH', '4OK052302010059', 1, 30, 'AR1819A/1683', '2019-03-14', 1, '2020-03-12'),
(895, '18190668', '2019-03-26', 18, '  -', 'EXIDE MAKE SMF 12V BATTERY 120AH', '4OK052302010066', 1, 30, 'AR1819A/1683', '2019-03-14', 1, '2020-03-12'),
(896, '18190668', '2019-03-26', 18, '  -', 'EXIDE MAKE SMF 12V BATTERY 120AH', '4OK052301010043', 1, 30, 'AR1819A/1683', '2019-03-14', 1, '2020-03-12'),
(897, '18190668', '2019-03-26', 18, '  -', 'EXIDE MAKE SMF 12V BATTERY 120AH', '4OK052302010075', 1, 30, 'AR1819A/1683', '2019-03-14', 1, '2020-03-12'),
(898, '18190668', '2019-03-26', 18, '  -', 'EXIDE MAKE SMF 12V BATTERY 120AH', '4OK052301010056', 1, 30, 'AR1819A/1683', '2019-03-14', 1, '2020-03-12'),
(899, '18190668', '2019-03-26', 18, '  -', 'EXIDE MAKE SMF 12V BATTERY 120AH', '4OK052302010065', 1, 30, 'AR1819A/1683', '2019-03-14', 1, '2020-03-12'),
(900, '18190668', '2019-03-26', 18, '  -', 'EXIDE MAKE SMF 12V BATTERY 120AH', '4OK052302010079', 1, 30, 'AR1819A/1683', '2019-03-14', 1, '2020-03-12'),
(901, '18190668', '2019-03-26', 18, '  -', 'EXIDE MAKE SMF 12V BATTERY 120AH', '4OK052302010067', 1, 30, 'AR1819A/1683', '2019-03-14', 1, '2020-03-12'),
(902, '18190668', '2019-03-26', 18, '  -', 'EXIDE MAKE SMF 12V BATTERY 120AH', '4OK052302010076', 1, 30, 'AR1819A/1683', '2019-03-14', 1, '2020-03-12'),
(903, '18190668', '2019-03-26', 18, '  -', 'EXIDE MAKE SMF 12V BATTERY 120AH', '4OK052302010074', 1, 30, 'AR1819A/1683', '2019-03-14', 1, '2020-03-12'),
(904, '18190668', '2019-03-26', 18, '  -', 'EXIDE MAKE SMF 12V BATTERY 120AH', '4OK052302010072', 1, 30, 'AR1819A/1683', '2019-03-14', 1, '2020-03-12'),
(905, '18190668', '2019-03-26', 18, '  -', 'EXIDE MAKE SMF 12V BATTERY 120AH', '4OK052309010325', 1, 30, 'AR1819A/1683', '2019-03-14', 1, '2020-03-12'),
(906, '18190668', '2019-03-26', 18, '  -', 'EXIDE MAKE SMF 12V BATTERY 120AH', '4OK052401010922', 1, 30, 'AR1819A/1683', '2019-03-14', 1, '2020-03-12'),
(907, '18190668', '2019-03-26', 18, '  -', 'EXIDE MAKE SMF 12V BATTERY 120AH', '4OK052401010921', 1, 30, 'AR1819A/1683', '2019-03-14', 1, '2020-03-12'),
(908, '18190668', '2019-03-26', 18, '  -', 'EXIDE MAKE SMF 12V BATTERY 120AH', '4OK052309010317', 1, 30, 'AR1819A/1683', '2019-03-14', 1, '2020-03-12'),
(909, '18190668', '2019-03-26', 18, '  -', 'EXIDE MAKE SMF 12V BATTERY 120AH', '4OK052302010069', 1, 30, 'AR1819A/1683', '2019-03-14', 1, '2020-03-12'),
(910, '18190668', '2019-03-26', 18, '  -', 'EXIDE MAKE SMF 12V BATTERY 120AH', '4TJ050719002599', 1, 30, 'AR1819A/1683', '2019-03-14', 1, '2020-03-12'),
(911, '18190668', '2019-03-26', 18, '  -', 'EXIDE MAKE SMF 12V BATTERY 120AH', '4OK052302010062', 1, 30, 'AR1819A/1683', '2019-03-14', 1, '2020-03-12'),
(912, '18190668', '2019-03-26', 18, '  -', 'EXIDE MAKE SMF 12V BATTERY 120AH', '4OK052309010336', 1, 30, 'AR1819A/1683', '2019-03-14', 1, '2020-03-12'),
(913, '18190668', '2019-03-26', 18, '  -', 'EXIDE MAKE SMF 12V BATTERY 120AH', '4OK052302010073', 1, 30, 'AR1819A/1683', '2019-03-14', 1, '2020-03-12'),
(914, '18190668', '2019-03-26', 18, '  -', 'EXIDE MAKE SMF 12V BATTERY 120AH', '4OK052309010335', 1, 30, 'AR1819A/1683', '2019-03-14', 1, '2020-03-12'),
(915, '18190668', '2019-03-26', 18, '  -', 'EXIDE MAKE SMF 12V BATTERY 120AH', '4OK052309010326', 1, 30, 'AR1819A/1683', '2019-03-14', 1, '2020-03-12'),
(916, '18190668', '2019-03-26', 18, '  -', 'EXIDE MAKE SMF 12V BATTERY 120AH', '4NK051915008333', 1, 30, 'AR1819A/1683', '2019-03-14', 1, '2020-03-12'),
(917, '18190668', '2019-03-26', 18, '  -', 'EXIDE MAKE SMF 12V BATTERY 120AH', '4OK052309010318', 1, 30, 'AR1819A/1683', '2019-03-14', 1, '2020-03-12'),
(918, '18190668', '2019-03-26', 18, '  -', 'EXIDE MAKE SMF 12V BATTERY 120AH', '4TJ051914008022', 1, 30, 'AR1819A/1683', '2019-03-14', 1, '2020-03-12'),
(919, '18190668', '2019-03-26', 18, '  -', 'EXIDE MAKE SMF 12V BATTERY 120AH', '4OK052302010077', 1, 30, 'AR1819A/1683', '2019-03-14', 1, '2020-03-12'),
(920, '18190668', '2019-03-26', 18, '  -', 'EXIDE MAKE SMF 12V BATTERY 120AH', '4OK052309010320', 1, 30, 'AR1819A/1683', '2019-03-14', 1, '2020-03-12'),
(921, '18190668', '2019-03-26', 18, '  -', 'EXIDE MAKE SMF 12V BATTERY 120AH', '4OK052215009466', 1, 30, 'AR1819A/1683', '2019-03-14', 1, '2020-03-12'),
(922, '18190668', '2019-03-26', 18, '  -', 'EXIDE MAKE SMF 12V BATTERY 120AH', '4OK052408011145', 1, 30, 'AR1819A/1683', '2019-03-14', 1, '2020-03-12'),
(923, '18190668', '2019-03-26', 18, '  -', 'EXIDE MAKE SMF 12V BATTERY 120AH', '4OK052309010322', 1, 30, 'AR1819A/1683', '2019-03-14', 1, '2020-03-12'),
(924, '18190668', '2019-03-26', 18, '  -', 'EXIDE MAKE SMF 12V BATTERY 120AH', '4OK052401010910', 1, 30, 'AR1819A/1683', '2019-03-14', 1, '2020-03-12'),
(925, '18190668', '2019-03-26', 18, '  -', 'EXIDE MAKE SMF 12V BATTERY 120AH', '4OK052408011144', 1, 30, 'AR1819A/1683', '2019-03-14', 1, '2020-03-12'),
(926, '18190668', '2019-03-26', 18, '  -', 'EXIDE MAKE SMF 12V BATTERY 120AH', '4OK052408011133', 1, 30, 'AR1819A/1683', '2019-03-14', 1, '2020-03-12'),
(927, '18190668', '2019-03-26', 18, '  -', 'EXIDE MAKE SMF 12V BATTERY 120AH', '4OK052309010328', 1, 30, 'AR1819A/1683', '2019-03-14', 1, '2020-03-12'),
(928, '18190668', '2019-03-26', 18, '  -', 'EXIDE MAKE SMF 12V BATTERY 120AH', '4OK052309010330', 1, 30, 'AR1819A/1683', '2019-03-14', 1, '2020-03-12'),
(929, '18190668', '2019-03-26', 18, '  -', 'EXIDE MAKE SMF 12V BATTERY 120AH', '4OK052408011146', 1, 30, 'AR1819A/1683', '2019-03-14', 1, '2020-03-12'),
(930, '18190668', '2019-03-26', 18, '  -', 'EXIDE MAKE SMF 12V BATTERY 120AH', '4OK052408011134', 1, 30, 'AR1819A/1683', '2019-03-14', 1, '2020-03-12'),
(931, '18190668', '2019-03-26', 18, '  -', 'EXIDE MAKE SMF 12V BATTERY 120AH', '4OK052408011143', 1, 30, 'AR1819A/1683', '2019-03-14', 1, '2020-03-12'),
(932, '18190668', '2019-03-26', 18, '  -', 'EXIDE MAKE SMF 12V BATTERY 120AH', '4OK052408011139', 1, 30, 'AR1819A/1683', '2019-03-14', 1, '2020-03-12'),
(933, '18190668', '2019-03-26', 18, '  -', 'EXIDE MAKE SMF 12V BATTERY 120AH', '4OK052401010913', 1, 30, 'AR1819A/1683', '2019-03-14', 1, '2020-03-12'),
(934, '18190668', '2019-03-26', 18, '  -', 'EXIDE MAKE SMF 12V BATTERY 120AH', '4OK052308010284', 1, 30, 'AR1819A/1683', '2019-03-14', 1, '2020-03-12'),
(935, '18190668', '2019-03-26', 18, '  -', 'EXIDE MAKE SMF 12V BATTERY 120AH', '4OK052406010962', 1, 30, 'AR1819A/1683', '2019-03-14', 1, '2020-03-12'),
(936, '18190668', '2019-03-26', 18, '  -', 'EXIDE MAKE SMF 12V BATTERY 120AH', '4OK052406010964', 1, 30, 'AR1819A/1683', '2019-03-14', 1, '2020-03-12'),
(937, '18190668', '2019-03-26', 18, '  -', 'EXIDE MAKE SMF 12V BATTERY 120AH', '4OK052400010825', 1, 30, 'AR1819A/1683', '2019-03-14', 1, '2020-03-12'),
(938, '18190668', '2019-03-26', 18, '  -', 'EXIDE MAKE SMF 12V BATTERY 120AH', '4OK052408011132', 1, 30, 'AR1819A/1683', '2019-03-14', 1, '2020-03-12');
INSERT INTO `tblwarranty` (`warrId`, `citilInvoiceNo`, `citilInvoiceDate`, `custId`, `prodNo`, `prodDesc`, `prodSerial`, `prodQty`, `distId`, `distInvoiceNo`, `distInvoiceDate`, `warrExYears`, `warrExpDate`) VALUES
(939, '18190683', '2019-03-30', 56, '', '30KVA UPS - EMERSON', '20191HU3186', 1, 30, 'AR1819A/1741', '2019-03-27', 1, '2020-03-25'),
(940, 'Office Stock', '2018-11-11', 57, 'SFP-10G-LR=', '10Gig Base Single Mode Transceiver', 'SFNS171606LR', 1, 29, '27-1284-2018-19', '2018-10-11', 1, '2019-10-10'),
(941, 'Office Stock', '2018-11-11', 57, 'SFP-10G-LR=', '10Gig Base Single Mode Transceiver', 'SFNS171306SF', 1, 29, '27-1284-2018-19', '2018-10-11', 1, '2019-10-10'),
(942, 'Office Stock', '2018-11-11', 57, 'SFP-10G-LR=', '10Gig Base Single Mode Transceiver', 'SFNS17521YCF', 1, 29, '27-1284-2018-19', '2018-10-11', 1, '2019-10-10'),
(943, 'Office Stock', '2018-11-11', 57, 'SFP-10G-LR=', '10Gig Base Single Mode Transceiver', 'SFNS1936011C', 1, 29, '27-1284-2018-19', '2018-10-11', 1, '2019-10-10'),
(944, '18190369', '2018-10-23', 24, 'GLC-SX-MMD=', 'Cisco 1000 Base SFP transceiver module', 'FNS18490J7Z', 1, 29, '27-1348-2018-19', '2018-10-22', 1, '2019-10-21'),
(945, '18190369', '2018-10-23', 24, 'GLC-SX-MMD=', 'Cisco 1000 Base SFP transceiver module', 'FNS184916H3', 1, 29, '27-1348-2018-19', '2018-10-22', 1, '2019-10-21'),
(946, '17180465', '2018-02-27', 42, ' -  ', '1 TB WD EXTERNAL HDD', 'WX91A7735AHP', 1, 28, '18688', '2018-02-26', 2, '2020-02-25'),
(947, '17180465', '2018-02-27', 42, ' -  ', '1 TB WD EXTERNAL HDD', 'WX81A4704SDF', 1, 28, '18688', '2018-02-26', 2, '2020-02-25'),
(948, '17180465', '2018-02-27', 42, ' -  ', '1 TB WD EXTERNAL HDD', 'WXC1A4JYR0V', 1, 28, '18688', '2018-02-26', 2, '2020-02-25'),
(949, '17180465', '2018-02-27', 42, ' -  ', '1 TB WD EXTERNAL HDD', 'WXC1A7741877', 1, 28, '18688', '2018-02-26', 2, '2020-02-25'),
(950, '17180465', '2018-02-27', 42, ' -  ', '1 TB WD EXTERNAL HDD', 'WXS1A67NNJZK', 1, 28, '18688', '2018-02-26', 2, '2020-02-25'),
(951, '17180465', '2018-02-27', 42, ' -  ', '1 TB WD EXTERNAL HDD', 'WZ91A77JSLK4', 1, 28, '18688', '2018-02-26', 2, '2020-02-25'),
(952, '18190382', '2018-10-30', 17, 'F6V97AA', 'HP USB DVD RW', 'CNH749D797', 1, 28, '12060', '2018-10-27', 1, '2019-10-26'),
(953, '18190327', '2018-09-28', 46, 'JL319A ', 'Aruba 2930M 24G Switch', 'SG86JQK8NW', 1, 27, '1819GST09131', '2018-09-28', 1, '2019-09-27'),
(954, '18190327', '2018-09-28', 46, 'JL319A ', 'Aruba 2930M 24G Switch', 'SG86JQK8PZ', 1, 27, '1819GST09131', '2018-09-28', 1, '2019-09-27'),
(955, '18190327', '2018-09-28', 46, 'JL256A', 'Aruba 2930F  48G Switch', 'CN88HKXOJ8', 1, 27, '1819GST09131', '2018-09-28', 1, '2019-09-27'),
(956, '18190327', '2018-09-28', 46, 'JL256A', 'Aruba 2930F  48G Switch', 'CN88HKX142', 1, 27, '1819GST09131', '2018-09-28', 1, '2019-09-27'),
(957, '18190327', '2018-09-28', 46, 'JL256A', 'Aruba 2930F  48G Switch', 'CN88HKXOJ2', 1, 27, '1819GST09131', '2018-09-28', 1, '2019-09-27'),
(958, '18190449', '2018-12-11', 29, 'FTKG50TV16U', 'DAIKIN AC', '0015714', 1, 25, '1/12/1901', '2018-11-20', 1, '2019-11-19'),
(959, '18190449', '2018-12-11', 29, 'FTKG50TV16U', 'DAIKIN AC', '0019619', 1, 25, '1/12/1901', '2018-11-20', 1, '2019-11-19'),
(960, '18190449', '2018-12-11', 29, 'FTKG50TV16U', 'DAIKIN AC', '0019605', 1, 25, '1/12/1901', '2018-11-20', 1, '2019-11-19'),
(961, '18190449', '2018-12-11', 29, 'RKG50TV16U', 'DAIKIN AC', '0014301', 1, 25, '1/12/1901', '2018-11-20', 1, '2019-11-19'),
(962, '18190449', '2018-12-11', 29, 'RKG50TV16U', 'DAIKIN AC', '0014979', 1, 25, '1/12/1901', '2018-11-20', 1, '2019-11-19'),
(963, '18190449', '2018-12-11', 29, 'RKG50TV16U', 'DAIKIN AC', '0014323', 1, 25, '1/12/1901', '2018-11-20', 1, '2019-11-19'),
(964, '18190414', '2018-11-16', 29, 'QK646AA', 'HP PRO6 NOTEBOOK BATTERY', '6DKQU03WYA40IU', 1, 24, 'PSLS-0970/18-19', '2018-11-16', 1, '2019-11-15'),
(965, '17180279', '2017-12-07', 21, 'SURT6000XLI', 'APC-Smart-UPS RT 6000VA 230V', 'B21738003049', 1, 23, 'GST/17-18/391', '2017-12-07', 2, '2019-12-05'),
(966, '17180446', '2018-02-21', 51, 'SRC1KUXI', 'APC MAKE 1KVA UPS', '9S1739A17596', 1, 23, 'GST/17-18/574', '2018-02-20', 2, '2020-02-19'),
(990, 'Office stock', '2018-12-04', 57, 'QY777AA', 'HP USB Mouse', 'FCMHH0C9ZB4L3X', 1, 21, 'PSLS-0909/18-19', '2018-10-25', 1, '2019-10-24'),
(989, 'Office stock', '2018-12-03', 57, 'QY777AA', 'HP USB Mouse', 'FCMHH0C9ZB4LS7', 1, 21, 'PSLS-0909/18-19', '2018-10-25', 1, '2019-10-24'),
(988, 'Office stock', '2018-12-02', 57, 'QY777AA', 'HP USB Mouse', 'FCMHH0C9ZB4LS9', 1, 21, 'PSLS-0909/18-19', '2018-10-25', 1, '2019-10-24'),
(987, 'Office stock', '2018-12-01', 57, 'QY777AA', 'HP USB Mouse', 'FCMHH0C9ZB4L2F', 1, 21, 'PSLS-0909/18-19', '2018-10-25', 1, '2019-10-24'),
(986, 'Office stock', '2018-11-30', 57, 'QY777AA', 'HP USB Mouse', 'FCMHH0C9ZB4L2D', 1, 21, 'PSLS-0909/18-19', '2018-10-25', 1, '2019-10-24'),
(985, 'Office stock', '2018-11-29', 57, 'QY777AA', 'HP USB Mouse', 'FCMHH0C9ZB4LS0', 1, 21, 'PSLS-0909/18-19', '2018-10-25', 1, '2019-10-24'),
(984, 'Office stock', '2018-11-28', 57, 'QY777AA', 'HP USB Mouse', 'FCMHH0C9ZB4LSG', 1, 21, 'PSLS-0909/18-19', '2018-10-25', 1, '2019-10-24'),
(983, 'Office stock', '2018-11-27', 57, 'QY777AA', 'HP USB Mouse', 'FCMHH0C9ZB4LS1', 1, 21, 'PSLS-0909/18-19', '2018-10-25', 1, '2019-10-24'),
(982, 'Office stock', '2018-11-26', 57, 'QY777AA', 'HP USB Mouse', 'FCMHH0C9ZB4L34', 1, 21, 'PSLS-0909/18-19', '2018-10-25', 1, '2019-10-24'),
(981, 'Office stock', '2018-11-25', 57, 'QY777AA', 'HP USB Mouse', 'FCMHH0C9ZB4LSN', 1, 21, 'PSLS-0909/18-19', '2018-10-25', 1, '2019-10-24'),
(991, '18190611', '2019-02-26', 58, 'V4L74AA', 'HP WIRELESS COMBO', '7CH7355YPD', 1, 21, 'PSLS-1293/18-19', '2019-01-23', 1, '2020-01-22'),
(992, '18190611', '2019-02-26', 58, 'V4L74AA', 'HP WIRELESS COMBO', '7CH7355YP7', 1, 21, 'PSLS-1293/18-19', '2019-01-23', 1, '2020-01-22'),
(993, '18190641', '2019-03-13', 59, ' - ', 'Compatible Battery For HP 4320s Laptop', 'GC101825BTO25413', 1, 21, 'PSLS-1488/18-19', '2019-03-13', 1, '2020-03-11'),
(994, '18190687', '2019-03-30', 1, 'MC34Y', 'DELL LATOP BATTERY', 'CN0MC34YSLW008B2K0BXA01', 1, 21, 'PSLS-1543/18-19', '2019-03-29', 1, '2020-03-27'),
(995, '17180308', '2017-12-20', 1, '627812-B21', 'HP 16GB Dual Rank Memory Kit', '36136400Z2S', 1, 20, 'MW/GST/1718/271', '2018-12-19', 1, '2019-12-18'),
(996, '17180308', '2017-12-20', 1, '627812-B21', 'HP 16GB Dual Rank Memory Kit', '0V12140143F', 1, 20, 'MW/GST/1718/271', '2018-12-19', 1, '2019-12-18'),
(998, '17180308', '2017-12-20', 1, '627812-B21', 'HP 16GB Dual Rank Memory Kit', 'RBQQUCDXV4D04X', 1, 20, 'MW/GST/1718/271', '2018-12-19', 1, '2019-12-18'),
(999, '17180308', '2017-12-20', 1, '627812-B21', 'HP 16GB Dual Rank Memory Kit', 'RBQQUCDXV4D062', 1, 20, 'MW/GST/1718/271', '2018-12-19', 1, '2019-12-18'),
(1000, '17180308', '2017-12-20', 1, '627812-B21', 'HP 16GB Dual Rank Memory Kit', 'RBQQUCDXV4D04B', 1, 20, 'MW/GST/1718/271', '2018-12-19', 1, '2019-12-18'),
(1001, '17180308', '2017-12-20', 1, '627812-B21', 'HP 16GB Dual Rank Memory Kit', 'RBQQUCDXV4D05M', 1, 20, 'MW/GST/1718/271', '2018-12-19', 1, '2019-12-18'),
(1002, '17180308', '2017-12-20', 1, '627812-B21', 'HP 16GB Dual Rank Memory Kit', 'RBQQUCDXV4D055', 1, 20, 'MW/GST/1718/271', '2018-12-19', 1, '2019-12-18'),
(1003, '17180308', '2017-12-20', 1, '627812-B21', 'HP 16GB Dual Rank Memory Kit', 'RBQQUCDXV4D04T', 1, 20, 'MW/GST/1718/271', '2018-12-19', 1, '2019-12-18'),
(1004, '17180308', '2017-12-20', 1, '627812-B21', 'HP 16GB Dual Rank Memory Kit', 'RBQQUCDXV4D07G', 1, 20, 'MW/GST/1718/271', '2018-12-19', 1, '2019-12-18'),
(1005, '17180308', '2017-12-20', 1, '627812-B21', 'HP 16GB Dual Rank Memory Kit', 'RBQQUCDXV4D05D', 1, 20, 'MW/GST/1718/271', '2018-12-19', 1, '2019-12-18'),
(1006, '17180308', '2017-12-20', 1, '627812-B21', 'HP 16GB Dual Rank Memory Kit', 'RBQQU04YX4L209', 1, 20, 'MW/GST/1718/271', '2018-12-19', 1, '2019-12-18'),
(1007, '17180308', '2017-12-20', 1, '627812-B21', 'HP 16GB Dual Rank Memory Kit', 'RBQQU04XV1U00X', 1, 20, 'MW/GST/1718/271', '2018-12-19', 1, '2019-12-18'),
(1008, '17180308', '2017-12-20', 1, '627812-B21', 'HP 16GB Dual Rank Memory Kit', 'RBQQU04XV1U018', 1, 20, 'MW/GST/1718/271', '2018-12-19', 1, '2019-12-18'),
(1009, '17180308', '2017-12-20', 1, '627812-B21', 'HP 16GB Dual Rank Memory Kit', 'RBQQU04XV1U01J', 1, 20, 'MW/GST/1718/271', '2018-12-19', 1, '2019-12-18'),
(1010, '17180308', '2017-12-20', 1, '627812-B21', 'HP 16GB Dual Rank Memory Kit', 'RBQQU04XV1U01K', 1, 20, 'MW/GST/1718/271', '2018-12-19', 1, '2019-12-18'),
(1011, '17180308', '2017-12-20', 1, '627812-B21', 'HP 16GB Dual Rank Memory Kit', 'RBQQU04XV1U00V', 1, 20, 'MW/GST/1718/271', '2018-12-19', 1, '2019-12-18'),
(1012, '17180308', '2017-12-20', 1, '627812-B21', 'HP 16GB Dual Rank Memory Kit', 'RBQQU04XV1U0BF', 1, 20, 'MW/GST/1718/271', '2018-12-19', 1, '2019-12-18'),
(1013, '17180308', '2017-12-20', 1, '627812-B21', 'HP 16GB Dual Rank Memory Kit', 'RBQQU04XV1U016', 1, 20, 'MW/GST/1718/271', '2018-12-19', 1, '2019-12-18'),
(1014, '17180308', '2017-12-20', 1, '627812-B21', 'HP 16GB Dual Rank Memory Kit', 'RBQQU04XV1U09Q', 1, 20, 'MW/GST/1718/271', '2018-12-19', 1, '2019-12-18'),
(1015, '17180308', '2017-12-20', 1, '627812-B21', 'HP 16GB Dual Rank Memory Kit', 'RBQQUCDXV4D05Y', 1, 20, 'MW/GST/1718/271', '2018-12-19', 1, '2019-12-18'),
(1016, '17180308', '2017-12-20', 1, '627812-B21', 'HP 16GB Dual Rank Memory Kit', 'RBQQUCDXV4D04L', 1, 20, 'MW/GST/1718/271', '2018-12-19', 1, '2019-12-18'),
(1017, '17180308', '2017-12-20', 1, '627812-B21', 'HP 16GB Dual Rank Memory Kit', 'RBQQU04XV1U0B6', 1, 20, 'MW/GST/1718/271', '2018-12-19', 1, '2019-12-18'),
(1018, '17180308', '2017-12-20', 1, '627812-B21', 'HP 16GB Dual Rank Memory Kit', 'RBQQU04HR5T0PG', 1, 20, 'MW/GST/1718/271', '2018-12-19', 1, '2019-12-18'),
(1019, '18190255', '2018-08-27', 41, '693648-B21', 'HP 1.2TB 6G SAS 10K HDD', 'THP325H0CD', 1, 20, 'MW/GST1819/846', '2018-08-23', 1, '2019-08-22'),
(1020, '18190255', '2018-08-27', 41, '693648-B21', 'HP 1.2TB 6G SAS 10K HDD', 'THP325H0D1', 1, 20, 'MW/GST1819/846', '2018-08-23', 1, '2019-08-22'),
(1021, '18190255', '2018-08-27', 41, '693648-B21', 'HP 1.2TB 6G SAS 10K HDD', 'THP325H0BF', 1, 20, 'MW/GST1819/846', '2018-08-23', 1, '2019-08-22'),
(1022, '18190255', '2018-08-27', 41, '693648-B21', 'HP 1.2TB 6G SAS 10K HDD', 'THP325H0CC', 1, 20, 'MW/GST1819/846', '2018-08-23', 1, '2019-08-22'),
(1023, '18190255', '2018-08-27', 41, '693648-B21', 'HP 1.2TB 6G SAS 10K HDD', 'THP325H0BM', 1, 20, 'MW/GST1819/846', '2018-08-23', 1, '2019-08-22'),
(1024, '18190255', '2018-08-27', 41, '693648-B21', 'HP 1.2TB 6G SAS 10K HDD', 'THP325H0BP', 1, 20, 'MW/GST1819/846', '2018-08-23', 1, '2019-08-22'),
(1025, '18190255', '2018-08-27', 41, '693648-B21', 'HP 1.2TB 6G SAS 10K HDD', 'THP325H0BS', 1, 20, 'MW/GST1819/846', '2018-08-23', 1, '2019-08-22'),
(1026, '18190255', '2018-08-27', 41, '693648-B21', 'HP 1.2TB 6G SAS 10K HDD', 'THP325H0CH', 1, 20, 'MW/GST1819/846', '2018-08-23', 1, '2019-08-22'),
(1027, '18190255', '2018-08-27', 41, '693648-B21', 'HP 1.2TB 6G SAS 10K HDD', 'KZGSRERE', 1, 20, 'MW/GST1819/846', '2018-08-23', 1, '2019-08-22'),
(1028, '18190255', '2018-08-27', 41, '693648-B21', 'HP 1.2TB 6G SAS 10K HDD', 'KZGSTV2E', 1, 20, 'MW/GST1819/846', '2018-08-23', 1, '2019-08-22'),
(1029, '17180379', '2018-01-15', 41, 'MNE92HN/A', 'Apple -iMac 27\"', '2AMZE013X0N22O', 1, 19, 'SP171812043', '2017-12-18', 1, '2019-12-17'),
(1864, 'CITIL/16-17/P187', '2017-03-21', 16, 'Z22n', ' HP Z22n narrow Bezel IPS Display', '6CM61419SC', 1, 18, 'W102-22-1703-041', '2017-03-20', 3, '2020-03-16'),
(1863, 'CITIL/16-17/P187', '2017-03-21', 16, '5W13AV', 'HP Z440 with 64 GB', 'SGH709S037', 1, 18, 'W102-22-1703-041', '2017-03-20', 3, '2020-03-16'),
(1862, 'CITIL/16-17/P187', '2017-03-21', 16, '5W13AV', 'HP Z440 with 64 GB', 'SGH709S036', 1, 18, 'W102-22-1703-041', '2017-03-20', 3, '2020-03-16'),
(1861, 'CITIL/16-17/P187', '2017-03-21', 16, '5W13AV', 'HP Z440 with 64 GB', 'SGH709S038', 1, 18, 'W102-22-1703-041', '2017-03-20', 3, '2020-03-16'),
(1860, 'CITIL/16-17/P187', '2017-03-21', 16, '5W13AV', 'HP Z440 with 64 GB', 'SGH709S039', 1, 18, 'W102-22-1703-041', '2017-03-20', 3, '2020-03-16'),
(1859, 'CITIL/16-17/P187', '2017-03-21', 16, '5W13AV', 'HP Z440 with 64 GB', 'SGH709S03B', 1, 18, 'W102-22-1703-041', '2017-03-20', 3, '2020-03-16'),
(1858, 'CITIL/16-17/P187', '2017-03-21', 16, 'V9F00AV-26067146', 'HP 406G1 Desktop', 'INA709QBMM,', 1, 18, 'W102-22-1703-041', '2017-03-20', 3, '2020-03-16'),
(1857, 'CITIL/16-17/P187', '2017-03-21', 16, 'L6E44AV-26067148', '440 G3 HP Laptop', '5CD7094GYG', 1, 18, 'W102-22-1703-041', '2017-03-20', 3, '2020-03-16'),
(1842, 'CITIL/16-17/P557', '2017-01-19', 31, 'L1Q38AV', 'HP Prodesk 600 G2 I5', 'INA701ZFL8', 1, 18, 'W102-22*1701-143', '2017-01-18', 3, '2020-01-17'),
(1843, 'CITIL/16-17/P557', '2017-01-19', 31, 'V5G70AA', 'HP V223 Monitor', '3CQ6462R9L', 1, 18, 'W102-22*1701-143', '2017-01-18', 3, '2020-01-17'),
(1839, 'CITIL/16-17/P546', '2017-01-12', 31, 'V5G70AA', 'HP V223 Monitor', '3CQ64604KL', 1, 18, 'W102-22-1701-028', '2017-01-11', 3, '2020-01-10'),
(1838, 'CITIL/16-17/P546', '2017-01-12', 31, 'L1Q38AV', 'HP Prodesk 600 G2 I5', 'INA701ZD9R', 1, 18, 'W102-22-1701-028', '2017-01-11', 3, '2020-01-10'),
(1837, 'CITIL/16-17/P545', '2017-01-12', 31, 'V5G70AA', 'HP V223 Monitor', '3CQ64604K9', 1, 18, 'W102-22-1701-028', '2017-01-11', 3, '2020-01-10'),
(1836, 'CITIL/16-17/P545', '2017-01-12', 31, 'L1Q38AV', 'HP Prodesk 600 G2 I5', 'INA701ZD9S', 1, 18, 'W102-22-1701-028', '2017-01-11', 3, '2020-01-10'),
(1831, 'CITIL/16-17/P452', '2016-12-02', 31, 'V5G70AA', 'HP V223 Monitor', '3CQ62305RV', 1, 18, 'W102-22-1612-003', '2016-12-02', 3, '2019-12-01'),
(1830, 'CITIL/16-17/P452', '2016-12-02', 31, 'V5G70AA', 'HP V223 Monitor', '3CQ62305SR', 1, 18, 'W102-22-1612-003', '2016-12-02', 3, '2019-12-01'),
(1829, 'CITIL/16-17/P452', '2016-12-02', 31, 'L1Q38AV', 'Hp Prodesk 600G2 Desktop (i7)', 'INA646XXCY', 1, 18, 'W102-22-1612-003', '2016-12-02', 3, '2019-12-01'),
(1828, 'CITIL/16-17/P452', '2016-12-02', 31, 'L1Q38AV', 'Hp Prodesk 600G2 Desktop (i7)', 'INA646XXCX', 1, 18, 'W102-22-1612-003', '2016-12-02', 3, '2019-12-01'),
(1826, 'CITIL/16-17/P452', '2016-12-02', 31, 'V5G70AA', 'HP V223 Monitor', '3CQ62305SB', 1, 18, 'W102-22-1612-003', '2016-12-02', 3, '2019-12-01'),
(1827, 'CITIL/16-17/P452', '2016-12-02', 31, 'V5G70AA', 'HP V223 Monitor', '3CQ6181M6R', 1, 18, 'W102-22-1612-003', '2016-12-02', 3, '2019-12-01'),
(1825, 'CITIL/16-17/P452', '2016-12-02', 31, 'V5G70AA', 'HP V223 Monitor', '3CQ6181M6T', 1, 18, 'W102-22-1612-003', '2016-12-02', 3, '2019-12-01'),
(1824, 'CITIL/16-17/P452', '2016-12-02', 31, 'V5G70AA', 'HP V223 Monitor', '3CQ62305RW', 1, 18, 'W102-22-1612-003', '2016-12-02', 3, '2019-12-01'),
(1822, 'CITIL/16-17/P452', '2016-12-02', 31, 'V5G70AA', 'HP V223 Monitor', '3CQ6181LTT', 1, 18, 'W102-22-1612-003', '2016-12-02', 3, '2019-12-01'),
(1823, 'CITIL/16-17/P452', '2016-12-02', 31, 'V5G70AA', 'HP V223 Monitor', '3CQ62305SG', 1, 18, 'W102-22-1612-003', '2016-12-02', 3, '2019-12-01'),
(1821, 'CITIL/16-17/P452', '2016-12-02', 31, ' L1Q38AV', 'Hp Prodesk 600G2 Desktop', 'INA646XXCT', 1, 18, 'W102-22-1612-003', '2016-12-02', 3, '2019-12-01'),
(1820, 'CITIL/16-17/P452', '2016-12-02', 31, ' L1Q38AV', 'Hp Prodesk 600G2 Desktop', 'INA646XXCS', 1, 18, 'W102-22-1612-003', '2016-12-02', 3, '2019-12-01'),
(1819, 'CITIL/16-17/P452', '2016-12-02', 31, ' L1Q38AV', 'Hp Prodesk 600G2 Desktop', 'INA646XXCW', 1, 18, 'W102-22-1612-003', '2016-12-02', 3, '2019-12-01'),
(1818, 'CITIL/16-17/P452', '2016-12-02', 31, ' L1Q38AV', 'Hp Prodesk 600G2 Desktop', 'INA646XXCV', 1, 18, 'W102-22-1612-003', '2016-12-02', 3, '2019-12-01'),
(1817, 'CITIL/16-17/P452', '2016-12-02', 31, ' L1Q38AV', 'Hp Prodesk 600G2 Desktop', 'INA646XXCR', 1, 18, 'W102-22-1612-003', '2016-12-02', 3, '2019-12-01'),
(1816, 'CITIL/16-17/P452', '2016-12-02', 31, ' L1Q38AV', 'Hp Prodesk 600G2 Desktop', 'INA646XX6Q', 1, 18, 'W102-22-1612-003', '2016-12-02', 3, '2019-12-01'),
(1815, 'CITIL/16-17/P424', '2016-11-22', 31, 'L3N68AV', 'Hp Proone 400 G2 Desktop', 'SGH645RL5S', 1, 18, 'W102/22/1611-105', '2016-11-22', 3, '2019-11-21'),
(1814, 'CITIL/16-17/P424', '2016-11-22', 31, 'L3N68AV', 'Hp Proone 400 G2 Desktop', 'SGH645RL5T', 1, 18, 'W102/22/1611-105', '2016-11-22', 3, '2019-11-21'),
(1813, 'CITIL/16-17/P424', '2016-11-22', 31, 'L3N68AV', 'Hp Proone 400 G2 Desktop', 'SGH645RL5V', 1, 18, 'W102/22/1611-105', '2016-11-22', 3, '2019-11-21'),
(1812, 'CITIL/16-17/P424', '2016-11-22', 31, 'L3N68AV', 'Hp Proone 400 G2 Desktop', 'SGH645RL5Q', 1, 18, 'W102/22/1611-105', '2016-11-22', 3, '2019-11-21'),
(1811, 'CITIL/16-17/P424', '2016-11-22', 31, 'L3N68AV', 'Hp Proone 400 G2 Desktop', 'SGH645RL5R', 1, 18, 'W102/22/1611-105', '2016-11-22', 3, '2019-11-21'),
(1810, 'CITIL/16-17/P242', '2016-08-18', 13, 'E5H82AA', 'HP V192 18.5\" TFT Monitor', '6CM61221NT', 1, 18, 'W102-22-1608-140', '2016-08-18', 3, '2019-08-17'),
(1809, 'CITIL/16-17/P242', '2016-08-18', 13, 'E5H82AA', 'HP V192 18.5\" TFT Monitor', '6CM6121ZPC', 1, 18, 'W102-22-1608-140', '2016-08-18', 3, '2019-08-17'),
(1808, 'CITIL/16-17/P242', '2016-08-18', 13, 'E5H82AA', 'HP V192 18.5\" TFT Monitor', '6CM61221PL', 1, 18, 'W102-22-1608-140', '2016-08-18', 3, '2019-08-17'),
(1807, 'CITIL/16-17/P242', '2016-08-18', 13, 'E5H82AA', 'HP V192 18.5\" TFT Monitor', '6CM6121ZP9', 1, 18, 'W102-22-1608-140', '2016-08-18', 3, '2019-08-17'),
(1806, 'CITIL/16-17/P242', '2016-08-18', 13, 'E5H82AA', 'HP V192 18.5\" TFT Monitor', '6CM6121ZN9', 1, 18, 'W102-22-1608-140', '2016-08-18', 3, '2019-08-17'),
(1805, 'CITIL/16-17/P242', '2016-08-18', 13, 'E5H82AA', 'HP V192 18.5\" TFT Monitor', '6CM61221N4', 1, 18, 'W102-22-1608-140', '2016-08-18', 3, '2019-08-17'),
(1804, 'CITIL/16-17/P242', '2016-08-18', 13, 'E5H82AA', 'HP V192 18.5\" TFT Monitor', '6CM61221N3', 1, 18, 'W102-22-1608-140', '2016-08-18', 3, '2019-08-17'),
(1803, 'CITIL/16-17/P242', '2016-08-18', 13, 'E5H82AA', 'HP V192 18.5\" TFT Monitor', '6CM6122ZNW', 1, 18, 'W102-22-1608-140', '2016-08-18', 3, '2019-08-17'),
(1802, 'CITIL/16-17/P242', '2016-08-18', 13, 'E5H82AA', 'HP V192 18.5\" TFT Monitor', '6CM61221NV', 1, 18, 'W102-22-1608-140', '2016-08-18', 3, '2019-08-17'),
(1801, 'CITIL/16-17/P242', '2016-08-18', 13, 'E5H82AA', 'HP V192 18.5\" TFT Monitor', '6CM61221PK', 1, 18, 'W102-22-1608-140', '2016-08-18', 3, '2019-08-17'),
(1800, 'CITIL/16-17/P242', '2016-08-18', 13, 'E5H82AA', 'HP V192 18.5\" TFT Monitor', '6CM6121ZPF', 1, 18, 'W102-22-1608-140', '2016-08-18', 3, '2019-08-17'),
(1799, 'CITIL/16-17/P242', '2016-08-18', 13, 'E5H82AA', 'HP V192 18.5\" TFT Monitor', '6CM61221NY', 1, 18, 'W102-22-1608-140', '2016-08-18', 3, '2019-08-17'),
(1798, 'CITIL/16-17/P242', '2016-08-18', 13, 'E5H82AA', 'HP V192 18.5\" TFT Monitor', '6CM6121ZPD', 1, 18, 'W102-22-1608-140', '2016-08-18', 3, '2019-08-17'),
(1797, 'CITIL/16-17/P242', '2016-08-18', 13, 'E5H82AA', 'HP V192 18.5\" TFT Monitor', '6CM6121ZN6', 1, 18, 'W102-22-1608-140', '2016-08-18', 3, '2019-08-17'),
(1796, 'CITIL/16-17/P242', '2016-08-18', 13, 'E5H82AA', 'HP V192 18.5\" TFT Monitor', '6CM61221N8', 1, 18, 'W102-22-1608-140', '2016-08-18', 3, '2019-08-17'),
(1795, 'CITIL/16-17/P242', '2016-08-18', 13, 'E5H82AA', 'HP V192 18.5\" TFT Monitor', '6CM61221N6', 1, 18, 'W102-22-1608-140', '2016-08-18', 3, '2019-08-17'),
(1794, 'CITIL/16-17/P242', '2016-08-18', 13, 'E5H82AA', 'HP V192 18.5\" TFT Monitor', '6CM6121ZYT', 1, 18, 'W102-22-1608-140', '2016-08-18', 3, '2019-08-17'),
(1793, 'CITIL/16-17/P242', '2016-08-18', 13, 'E5H82AA', 'HP V192 18.5\" TFT Monitor', '6CM61221NX', 1, 18, 'W102-22-1608-140', '2016-08-18', 3, '2019-08-17'),
(1792, 'CITIL/16-17/P242', '2016-08-18', 13, 'E5H82AA', 'HP V192 18.5\" TFT Monitor', '6CM61221N7', 1, 18, 'W102-22-1608-140', '2016-08-18', 3, '2019-08-17'),
(1791, 'CITIL/16-17/P242', '2016-08-18', 13, 'E5H82AA', 'HP V192 18.5\" TFT Monitor', '6CM61221NP', 1, 18, 'W102-22-1608-140', '2016-08-18', 3, '2019-08-17'),
(1790, 'CITIL/16-17/P242', '2016-08-18', 13, 'E5H82AA', 'HP V192 18.5\" TFT Monitor', '6CM6121ZNB', 1, 18, 'W102-22-1608-140', '2016-08-18', 3, '2019-08-17'),
(1789, 'CITIL/16-17/P242', '2016-08-18', 13, 'E5H82AA', 'HP V192 18.5\" TFT Monitor', '6CM61221PV', 1, 18, 'W102-22-1608-140', '2016-08-18', 3, '2019-08-17'),
(1788, 'CITIL/16-17/P242', '2016-08-18', 13, 'E5H82AA', 'HP V192 18.5\" TFT Monitor', '6CM6121ZNT', 1, 18, 'W102-22-1608-140', '2016-08-18', 3, '2019-08-17'),
(1787, 'CITIL/16-17/P242', '2016-08-18', 13, 'E5H82AA', 'HP V192 18.5\" TFT Monitor', '6CM6121ZN8', 1, 18, 'W102-22-1608-140', '2016-08-18', 3, '2019-08-17'),
(1786, 'CITIL/16-17/P242', '2016-08-18', 13, 'E5H82AA', 'HP V192 18.5\" TFT Monitor', '6CM6121ZNV', 1, 18, 'W102-22-1608-140', '2016-08-18', 3, '2019-08-17'),
(1785, 'CITIL/16-17/P242', '2016-08-18', 13, 'M0F92PA', 'HP 406G1 Desktop', 'INA618QRTC', 1, 18, 'W102-22-1608-140', '2016-08-18', 3, '2019-08-17'),
(1783, 'CITIL/16-17/P242', '2016-08-18', 13, 'M0F92PA', 'HP 406G1 Desktop', 'INA552WL82', 1, 18, 'W102-22-1608-140', '2016-08-18', 3, '2019-08-17'),
(1784, 'CITIL/16-17/P242', '2016-08-18', 13, 'M0F92PA', 'HP 406G1 Desktop', 'INA615Q46W', 1, 18, 'W102-22-1608-140', '2016-08-18', 3, '2019-08-17'),
(1782, 'CITIL/16-17/P242', '2016-08-18', 13, 'M0F92PA', 'HP 406G1 Desktop', 'INA618QRTP', 1, 18, 'W102-22-1608-140', '2016-08-18', 3, '2019-08-17'),
(1781, 'CITIL/16-17/P242', '2016-08-18', 13, 'M0F92PA', 'HP 406G1 Desktop', 'INA618QRTJ', 1, 18, 'W102-22-1608-140', '2016-08-18', 3, '2019-08-17'),
(1779, 'CITIL/16-17/P242', '2016-08-18', 13, 'M0F92PA', 'HP 406G1 Desktop', 'INA624SVFJ', 1, 18, 'W102-22-1608-140', '2016-08-18', 3, '2019-08-17'),
(1780, 'CITIL/16-17/P242', '2016-08-18', 13, 'M0F92PA', 'HP 406G1 Desktop', 'INA622S5VY', 1, 18, 'W102-22-1608-140', '2016-08-18', 3, '2019-08-17'),
(1778, 'CITIL/16-17/P242', '2016-08-18', 13, 'M0F92PA', 'HP 406G1 Desktop', 'INA624SVFN', 1, 18, 'W102-22-1608-140', '2016-08-18', 3, '2019-08-17'),
(1777, 'CITIL/16-17/P242', '2016-08-18', 13, 'M0F92PA', 'HP 406G1 Desktop', 'INA618QRRJ', 1, 18, 'W102-22-1608-140', '2016-08-18', 3, '2019-08-17'),
(1775, 'CITIL/16-17/P242', '2016-08-18', 13, 'M0F92PA', 'HP 406G1 Desktop', 'INA615Q4BC', 1, 18, 'W102-22-1608-140', '2016-08-18', 3, '2019-08-17'),
(1776, 'CITIL/16-17/P242', '2016-08-18', 13, 'M0F92PA', 'HP 406G1 Desktop', 'INA615Q5T0', 1, 18, 'W102-22-1608-140', '2016-08-18', 3, '2019-08-17'),
(1774, 'CITIL/16-17/P242', '2016-08-18', 13, 'M0F92PA', 'HP 406G1 Desktop', 'INA624SVDL', 1, 18, 'W102-22-1608-140', '2016-08-18', 3, '2019-08-17'),
(1773, 'CITIL/16-17/P242', '2016-08-18', 13, 'M0F92PA', 'HP 406G1 Desktop', 'INA552WLF5', 1, 18, 'W102-22-1608-140', '2016-08-18', 3, '2019-08-17'),
(1771, 'CITIL/16-17/P242', '2016-08-18', 13, 'M0F92PA', 'HP 406G1 Desktop', 'INA552WL7J', 1, 18, 'W102-22-1608-140', '2016-08-18', 3, '2019-08-17'),
(1772, 'CITIL/16-17/P242', '2016-08-18', 13, 'M0F92PA', 'HP 406G1 Desktop', 'INA552WLBF', 1, 18, 'W102-22-1608-140', '2016-08-18', 3, '2019-08-17'),
(1770, 'CITIL/16-17/P242', '2016-08-18', 13, 'M0F92PA', 'HP 406G1 Desktop', 'INA618QRTH', 1, 18, 'W102-22-1608-140', '2016-08-18', 3, '2019-08-17'),
(1769, 'CITIL/16-17/P242', '2016-08-18', 13, 'M0F92PA', 'HP 406G1 Desktop', 'INA623SD1V', 1, 18, 'W102-22-1608-140', '2016-08-18', 3, '2019-08-17'),
(1767, 'CITIL/16-17/P242', '2016-08-18', 13, 'M0F92PA', 'HP 406G1 Desktop', 'INA618QRSJ', 1, 18, 'W102-22-1608-140', '2016-08-18', 3, '2019-08-17'),
(1768, 'CITIL/16-17/P242', '2016-08-18', 13, 'M0F92PA', 'HP 406G1 Desktop', 'INA552WL9Y', 1, 18, 'W102-22-1608-140', '2016-08-18', 3, '2019-08-17'),
(1766, 'CITIL/16-17/P242', '2016-08-18', 13, 'M0F92PA', 'HP 406G1 Desktop', 'INA6124SVD4', 1, 18, 'W102-22-1608-140', '2016-08-18', 3, '2019-08-17'),
(1765, 'CITIL/16-17/P242', '2016-08-18', 13, 'M0F92PA', 'HP 406G1 Desktop', 'INA552WL6X', 1, 18, 'W102-22-1608-140', '2016-08-18', 3, '2019-08-17'),
(1763, 'CITIL/16-17/P242', '2016-08-18', 13, 'M0F92PA', 'HP 406G1 Desktop', 'INA615Q45T', 1, 18, 'W102-22-1608-140', '2016-08-18', 3, '2019-08-17'),
(1764, 'CITIL/16-17/P242', '2016-08-18', 13, 'M0F92PA', 'HP 406G1 Desktop', 'INA552WL69', 1, 18, 'W102-22-1608-140', '2016-08-18', 3, '2019-08-17'),
(1762, 'CITIL/16-17/P242', '2016-08-18', 13, 'M0F92PA', 'HP 406G1 Desktop', 'INA618QRZN', 1, 18, 'W102-22-1608-140', '2016-08-18', 3, '2019-08-17'),
(1761, 'CITIL/16-17/P242', '2016-08-18', 13, 'M0F92PA', 'HP 406G1 Desktop', 'INA623SD1W', 1, 18, 'W102-22-1608-140', '2016-08-18', 3, '2019-08-17'),
(1689, 'CITIL/16-17/P481', '2016-12-20', 31, 'V5G70AA', 'HP V223 Monitor', '3CQ64217B3', 1, 18, 'W102/22-1612/078', '2016-12-19', 3, '2019-12-18'),
(1688, 'CITIL/16-17/P481', '2016-12-20', 31, 'L1Q38AV', 'Hp Prodesk 600 g2 Desktop (i5)', 'INA649YJPS', 1, 18, 'W102/22-1612/078', '2016-12-19', 3, '2019-12-18'),
(1687, 'CITIL/16-17/P-480', '2016-12-20', 31, 'V5G70AA', 'HP V223 Monitor', '3CQ64217B2', 1, 18, 'W102/22-1612/078', '2016-12-19', 3, '2019-12-18'),
(1686, 'CITIL/16-17/P-480', '2016-12-20', 31, 'V5G70AA', 'HP V223 Monitor', '3CQ642179Z', 1, 18, 'W102/22-1612/078', '2016-12-19', 3, '2019-12-18'),
(1685, 'CITIL/16-17/P-480', '2016-12-20', 31, 'L1Q38AV', 'Hp Prodesk 600 g2 Desktop (i7)', 'INA649YJPY', 1, 18, 'W102/22-1612/078', '2016-12-19', 3, '2019-12-18'),
(1684, 'CITIL/16-17/P-480', '2016-12-20', 31, 'L1Q38AV', 'Hp Prodesk 600 g2 Desktop (i7)', 'INA649YJPV', 1, 18, 'W102/22-1612/078', '2016-12-19', 3, '2019-12-18'),
(1683, 'CITIL/16-17/P-479', '2016-12-20', 31, 'V5G70AA', 'HP V223 Monitor', '3CQ642179R', 1, 18, 'W102/22-1612/078', '2016-12-19', 3, '2019-12-18'),
(1682, 'CITIL/16-17/P-479', '2016-12-20', 31, 'L1Q38AV', 'Hp Prodesk 600 g2 Desktop (i5)', 'INA649YJPT', 1, 18, 'W102/22-1612/078', '2016-12-19', 3, '2019-12-18'),
(1681, 'CITIL/16-17/P-478', '2016-12-20', 31, 'V5G70AA', 'HP V223 Monitor', '3CQ64217BB', 1, 18, 'W102/22-1612/078', '2016-12-19', 3, '2019-12-18'),
(1680, 'CITIL/16-17/P-478', '2016-12-20', 31, 'V5G70AA', 'HP V223 Monitor', '3CQ642179Y', 1, 18, 'W102/22-1612/078', '2016-12-19', 3, '2019-12-18'),
(1679, 'CITIL/16-17/P-478', '2016-12-20', 31, 'L1Q38AV', 'Hp Prodesk 600 g2 Desktop (i7)', 'INA649YJPX', 1, 18, 'W102/22-1612/078', '2016-12-19', 3, '2019-12-18'),
(1678, 'CITIL/16-17/P-478', '2016-12-20', 31, 'L1Q38AV', 'Hp Prodesk 600 g2 Desktop (i7)', 'INA649YJPW', 1, 18, 'W102/22-1612/078', '2016-12-19', 3, '2019-12-18'),
(1677, 'CITIL/16-17/P462', '2016-12-08', 43, 'V5G70AA', 'HP V223 Monitor', '3CQ6230576', 1, 18, 'W102-22-1612-027', '2016-12-08', 3, '2019-12-07'),
(1676, 'CITIL/16-17/P462', '2016-12-08', 43, 'M4Z41AV', 'HP Prodesk 400 G3 Desktop', 'INA648Y3JD', 1, 18, 'W102-22-1612-027', '2016-12-08', 3, '2019-12-07'),
(1661, 'CITIL/16-17/P404', '2016-11-09', 15, 'V5E94AA', '18.5\" LED Monitor ', '3CQ6331S3X', 1, 18, 'W102/22/1611/034', '2016-11-08', 3, '2019-11-07'),
(1660, 'CITIL/16-17/P404', '2016-11-09', 15, 'V5E94AA', '18.5\" LED Monitor ', '3CQ6331S4C', 1, 18, 'W102/22/1611/034', '2016-11-08', 3, '2019-11-07'),
(1659, 'CITIL/16-17/P404', '2016-11-09', 15, 'V5E94AA', '18.5\" LED Monitor ', '3CQ6331S3Y', 1, 18, 'W102/22/1611/034', '2016-11-08', 3, '2019-11-07'),
(1658, 'CITIL/16-17/P404', '2016-11-09', 15, 'V5E94AA', '18.5\" LED Monitor ', '3CQ6331SK2', 1, 18, 'W102/22/1611/034', '2016-11-08', 3, '2019-11-07'),
(1657, 'CITIL/16-17/P404', '2016-11-09', 15, 'V5E94AA', '18.5\" LED Monitor ', '3CQ6331S3T', 1, 18, 'W102/22/1611/034', '2016-11-08', 3, '2019-11-07'),
(1656, 'CITIL/16-17/P404', '2016-11-09', 15, 'V5E94AA', '18.5\" LED Monitor ', '3CQ6331S4F', 1, 18, 'W102/22/1611/034', '2016-11-08', 3, '2019-11-07'),
(1655, 'CITIL/16-17/P404', '2016-11-09', 15, 'V5E94AA', '18.5\" LED Monitor ', '3CQ6190TWL', 1, 18, 'W102/22/1611/034', '2016-11-08', 3, '2019-11-07'),
(1654, 'CITIL/16-17/P404', '2016-11-09', 15, 'V5E94AA', '18.5\" LED Monitor ', '3CQ6331S2Y', 1, 18, 'W102/22/1611/034', '2016-11-08', 3, '2019-11-07'),
(1653, 'CITIL/16-17/P404', '2016-11-09', 15, 'V5E94AA', '18.5\" LED Monitor ', '3CQ6331SK7', 1, 18, 'W102/22/1611/034', '2016-11-08', 3, '2019-11-07'),
(1652, 'CITIL/16-17/P404', '2016-11-09', 15, 'V5E94AA', '18.5\" LED Monitor ', '3CQ62438B4', 1, 18, 'W102/22/1611/034', '2016-11-08', 3, '2019-11-07'),
(1651, 'CITIL/16-17/P404', '2016-11-09', 15, 'V9F004V', 'HP 406G1 Desktop', 'INA643XMVQ', 1, 18, 'W102/22/1611/034', '2016-11-08', 3, '2019-11-07'),
(1650, 'CITIL/16-17/P404', '2016-11-09', 15, 'V9F004V', 'HP 406G1 Desktop', 'INA643XMVR', 1, 18, 'W102/22/1611/034', '2016-11-08', 3, '2019-11-07'),
(1649, 'CITIL/16-17/P404', '2016-11-09', 15, 'V9F004V', 'HP 406G1 Desktop', 'INA643XMVS', 1, 18, 'W102/22/1611/034', '2016-11-08', 3, '2019-11-07'),
(1648, 'CITIL/16-17/P404', '2016-11-09', 15, 'V9F004V', 'HP 406G1 Desktop', 'INA643XMVT', 1, 18, 'W102/22/1611/034', '2016-11-08', 3, '2019-11-07'),
(1646, 'CITIL/16-17/P404', '2016-11-09', 15, 'V9F004V', 'HP 406G1 Desktop', 'INA643XMVX', 1, 18, 'W102/22/1611/034', '2016-11-08', 3, '2019-11-07'),
(1647, 'CITIL/16-17/P404', '2016-11-09', 15, 'V9F004V', 'HP 406G1 Desktop', 'INA643XMVY', 1, 18, 'W102/22/1611/034', '2016-11-08', 3, '2019-11-07'),
(1645, 'CITIL/16-17/P404', '2016-11-09', 15, 'V9F004V', 'HP 406G1 Desktop', 'INA643XMVP', 1, 18, 'W102/22/1611/034', '2016-11-08', 3, '2019-11-07'),
(1644, 'CITIL/16-17/P404', '2016-11-09', 15, 'V9F004V', 'HP 406G1 Desktop', 'INA643XMVN', 1, 18, 'W102/22/1611/034', '2016-11-08', 3, '2019-11-07'),
(1643, 'CITIL/16-17/P404', '2016-11-09', 15, 'V9F004V', 'HP 406G1 Desktop', 'INA643XMVW', 1, 18, 'W102/22/1611/034', '2016-11-08', 3, '2019-11-07'),
(1642, 'CITIL/16-17/P404', '2016-11-09', 15, 'V9F004V', 'HP 406G1 Desktop', 'INA643XMVA', 1, 18, 'W102/22/1611/034', '2016-11-08', 3, '2019-11-07'),
(1615, 'CITIL/16-17/P356', '2016-10-14', 31, 'V5G70AA', 'HP V223 Monitor', '3CQ623059X', 1, 18, 'W102-22-1610-080', '2016-10-14', 3, '2019-10-13'),
(1614, 'CITIL/16-17/P356', '2016-10-14', 31, 'V5G70AA', 'HP V223 Monitor', '3CQ623059W', 1, 18, 'W102-22-1610-080', '2016-10-14', 3, '2019-10-13'),
(1613, 'CITIL/16-17/P356', '2016-10-14', 31, 'L1Q38AV', 'HP Prodesk 600G2 Desktop', 'INA640X1F7', 1, 18, 'W102-22-1610-080', '2016-10-14', 3, '2019-10-13'),
(1612, 'CITIL/16-17/P356', '2016-10-14', 31, 'L1Q38AV', 'HP Prodesk 600G2 Desktop', 'INA640X11C', 1, 18, 'W102-22-1610-080', '2016-10-14', 3, '2019-10-13'),
(1611, 'CITIL/16-17/P355', '2016-10-14', 31, 'V5G70AA', 'HP V223 Monitor', '3CQ62305BD', 1, 18, 'W102-22-1610-080', '2016-10-14', 3, '2019-10-13'),
(1610, 'CITIL/16-17/P355', '2016-10-14', 31, 'L1Q38AV', 'HP Prodesk 600G2 Desktop', 'INA640X11D', 1, 18, 'W102-22-1610-080', '2016-10-14', 3, '2019-10-13'),
(1609, 'CITIL/16-17/P354', '2016-10-14', 31, 'V5G70AA', 'HP V223 Monitor', '3CQ62305CM', 1, 18, 'W102-22-1610-080', '2016-10-14', 3, '2019-10-13'),
(1608, 'CITIL/16-17/P354', '2016-10-14', 31, 'V5G70AA', 'HP V223 Monitor', '3CQ62305B3', 1, 18, 'W102-22-1610-080', '2016-10-14', 3, '2019-10-13'),
(1607, 'CITIL/16-17/P354', '2016-10-14', 31, 'L1Q38AV', 'HP Prodesk 600G2 Desktop', 'INA640X1F8', 1, 18, 'W102-22-1610-080', '2016-10-14', 3, '2019-10-13'),
(1606, 'CITIL/16-17/P354', '2016-10-14', 31, 'L1Q38AV', 'HP Prodesk 600G2 Desktop', 'INA640X1F6', 1, 18, 'W102-22-1610-080', '2016-10-14', 3, '2019-10-13'),
(1605, 'CITIL/16/17/P353', '2016-10-14', 31, 'V5G70AA', 'HP V223 Monitor', '3CQ62305BS', 1, 18, 'W102-22-1610-080', '2016-10-14', 3, '2019-10-13'),
(1604, 'CITIL/16/17/P353', '2016-10-14', 31, 'L1Q38AV', 'HP Prodesk 600G2 Desktop', 'INA640X1F9', 1, 18, 'W102-22-1610-080', '2016-10-14', 3, '2019-10-13'),
(1591, 'CITIL/16-17/P286', '2016-09-12', 23, 'N8N64AV', 'HP Z1 G3 Workstation', 'SGH634T7RH', 1, 18, 'W102-22-1609/053', '2016-09-12', 3, '2019-09-11'),
(1865, 'CITIL/16-17/P187', '2017-03-21', 16, 'Z22n', ' HP Z22n narrow Bezel IPS Display', '6CM61419SD', 1, 18, 'W102-22-1703-041', '2017-03-20', 3, '2020-03-16'),
(1866, 'CITIL/16-17/P187', '2017-03-21', 16, 'Z22n', ' HP Z22n narrow Bezel IPS Display', '6CM61419SB,', 1, 18, 'W102-22-1703-041', '2017-03-20', 3, '2020-03-16'),
(1867, 'CITIL/16-17/P187', '2017-03-21', 16, 'Z22n', ' HP Z22n narrow Bezel IPS Display', '6CM61419ZG', 1, 18, 'W102-22-1703-041', '2017-03-20', 3, '2020-03-16'),
(1868, 'CITIL/16-17/P187', '2017-03-21', 16, 'Z22n', ' HP Z22n narrow Bezel IPS Display', '6CM61419YW', 1, 18, 'W102-22-1703-041', '2017-03-20', 3, '2020-03-16'),
(1869, 'CITIL/16-17/P187', '2017-03-21', 16, 'Zbbok G3', 'HP Zbook G3 Mobile with 32 GB Ram Workstation', 'CND709355S', 1, 18, 'W102-22-1703-041', '2017-03-20', 3, '2020-03-16'),
(1871, 'CITIL/16-17/T059', '2017-03-22', 45, 'F5G73AV', 'HP Z840 Workstation', 'SGH710T36Z', 1, 18, 'W102-22-1703-046', '2017-03-22', 3, '2020-03-20'),
(1872, 'CITIL/17-18/P-018', '2017-04-13', 5, '1KR91PA', 'HP Z840 Workstation', 'SGH712PLWH', 1, 18, 'W102-22-1704-014', '2017-04-13', 3, '2020-04-11'),
(1873, 'CITIL/17-18/P-018', '2017-04-13', 5, '1KR91PA', 'HP Z840 Workstation', 'SGH712PLWJ', 1, 18, 'W102-22-1704-014', '2017-04-13', 3, '2020-04-11'),
(1874, 'CITIL/17-18/P-018', '2017-04-13', 5, 'K7899A', 'HP Z24N Narrow Bezel Display', 'CN47090661', 1, 18, 'W102-22-1704-014', '2017-04-13', 3, '2020-04-11'),
(1875, 'CITIL/17-18/P-018', '2017-04-13', 5, 'K7899A', 'HP Z24N Narrow Bezel Display', 'CN47090660', 1, 18, 'W102-22-1704-014', '2017-04-13', 3, '2020-04-11'),
(1978, 'CITIL/16-17/P572', '2017-01-30', 9, 'L1Q38AV', 'HP Prodesk 600G2 Desktop', 'INA701ZH2X', 1, 18, 'W102-22-1701-074', '2017-01-30', 3, '2020-01-27'),
(1979, 'CITIL/16-17/P572', '2017-01-30', 9, 'L1Q38AV', 'HP Prodesk 600G2 Desktop', 'INA701ZH2R', 1, 18, 'W102-22-1701-074', '2017-01-30', 3, '2020-01-27'),
(1980, 'CITIL/16-17/P572', '2017-01-30', 9, 'L1Q38AV', 'HP Prodesk 600G2 Desktop', 'INA701ZH2M', 1, 18, 'W102-22-1701-074', '2017-01-30', 3, '2020-01-27'),
(1981, 'CITIL/16-17/P572', '2017-01-30', 9, 'L1Q38AV', 'HP Prodesk 600G2 Desktop', 'INA701ZH2C', 1, 18, 'W102-22-1701-074', '2017-01-30', 3, '2020-01-27'),
(1982, 'CITIL/16-17/P572', '2017-01-30', 9, 'L1Q38AV', 'HP Prodesk 600G2 Desktop', 'INA701ZH27', 1, 18, 'W102-22-1701-074', '2017-01-30', 3, '2020-01-27'),
(1983, 'CITIL/16-17/P572', '2017-01-30', 9, 'L1Q38AV', 'HP Prodesk 600G2 Desktop', 'INA701ZH28', 1, 18, 'W102-22-1701-074', '2017-01-30', 3, '2020-01-27'),
(1984, 'CITIL/16-17/P572', '2017-01-30', 9, 'L1Q38AV', 'HP Prodesk 600G2 Desktop', 'INA701ZH29', 1, 18, 'W102-22-1701-074', '2017-01-30', 3, '2020-01-27'),
(1985, 'CITIL/16-17/P572', '2017-01-30', 9, 'L1Q38AV', 'HP Prodesk 600G2 Desktop', 'INA701ZH30', 1, 18, 'W102-22-1701-074', '2017-01-30', 3, '2020-01-27'),
(1986, 'CITIL/16-17/P572', '2017-01-30', 9, 'L1Q38AV', 'HP Prodesk 600G2 Desktop', 'INA701ZH31', 1, 18, 'W102-22-1701-074', '2017-01-30', 3, '2020-01-27'),
(1987, 'CITIL/16-17/P572', '2017-01-30', 9, 'L1Q38AV', 'HP Prodesk 600G2 Desktop', 'INA701ZH32', 1, 18, 'W102-22-1701-074', '2017-01-30', 3, '2020-01-27'),
(1988, 'CITIL/16-17/P572', '2017-01-30', 9, 'L1Q38AV', 'HP Prodesk 600G2 Desktop', 'INA701ZH33', 1, 18, 'W102-22-1701-074', '2017-01-30', 3, '2020-01-27'),
(1989, 'CITIL/16-17/P572', '2017-01-30', 9, 'L1Q38AV', 'HP Prodesk 600G2 Desktop', 'INA701ZH34', 1, 18, 'W102-22-1701-074', '2017-01-30', 3, '2020-01-27'),
(1990, 'CITIL/16-17/P572', '2017-01-30', 9, 'L1Q38AV', 'HP Prodesk 600G2 Desktop', 'INA701ZH35', 1, 18, 'W102-22-1701-074', '2017-01-30', 3, '2020-01-27'),
(1991, 'CITIL/16-17/P572', '2017-01-30', 9, 'L1Q38AV', 'HP Prodesk 600G2 Desktop', 'INA701ZH36', 1, 18, 'W102-22-1701-074', '2017-01-30', 3, '2020-01-27'),
(1992, 'CITIL/16-17/P572', '2017-01-30', 9, 'L1Q38AV', 'HP Prodesk 600G2 Desktop', 'INA701ZH37', 1, 18, 'W102-22-1701-074', '2017-01-30', 3, '2020-01-27'),
(1993, 'CITIL/16-17/P572', '2017-01-30', 9, 'L1Q38AV', 'HP Prodesk 600G2 Desktop', 'INA701ZH38', 1, 18, 'W102-22-1701-074', '2017-01-30', 3, '2020-01-27'),
(1994, 'CITIL/16-17/P572', '2017-01-30', 9, 'L1Q38AV', 'HP Prodesk 600G2 Desktop', 'INA701ZH39', 1, 18, 'W102-22-1701-074', '2017-01-30', 3, '2020-01-27'),
(1995, 'CITIL/16-17/P572', '2017-01-30', 9, 'L1Q38AV', 'HP Prodesk 600G2 Desktop', 'INA701ZH40', 1, 18, 'W102-22-1701-074', '2017-01-30', 3, '2020-01-27'),
(1996, 'CITIL/16-17/P572', '2017-01-30', 9, 'L1Q38AV', 'HP Prodesk 600G2 Desktop', 'INA701ZH41', 1, 18, 'W102-22-1701-074', '2017-01-30', 3, '2020-01-27'),
(1997, 'CITIL/16-17/P572', '2017-01-30', 9, 'L1Q38AV', 'HP Prodesk 600G2 Desktop', 'INA701ZH42', 1, 18, 'W102-22-1701-074', '2017-01-30', 3, '2020-01-27'),
(1998, 'CITIL/16-17/P572', '2017-01-30', 9, 'L1Q38AV', 'HP Prodesk 600G2 Desktop', 'INA701ZH43', 1, 18, 'W102-22-1701-074', '2017-01-30', 3, '2020-01-27'),
(1999, 'CITIL/16-17/P572', '2017-01-30', 9, 'L1Q38AV', 'HP Prodesk 600G2 Desktop', 'INA701ZH44', 1, 18, 'W102-22-1701-074', '2017-01-30', 3, '2020-01-27'),
(2000, 'CITIL/16-17/P572', '2017-01-30', 9, 'L1Q38AV', 'HP Prodesk 600G2 Desktop', 'INA701ZH45', 1, 18, 'W102-22-1701-074', '2017-01-30', 3, '2020-01-27'),
(2001, 'CITIL/16-17/P572', '2017-01-30', 9, 'L1Q38AV', 'HP Prodesk 600G2 Desktop', 'INA701ZH46', 1, 18, 'W102-22-1701-074', '2017-01-30', 3, '2020-01-27'),
(2002, 'CITIL/16-17/P572', '2017-01-30', 9, 'L1Q38AV', 'HP Prodesk 600G2 Desktop', 'INA701ZH47', 1, 18, 'W102-22-1701-074', '2017-01-30', 3, '2020-01-27'),
(2003, 'CITIL/16-17/P572', '2017-01-30', 9, 'L1Q38AV', 'HP Prodesk 600G2 Desktop', 'INA701ZH48', 1, 18, 'W102-22-1701-074', '2017-01-30', 3, '2020-01-27'),
(2004, 'CITIL/16-17/P572', '2017-01-30', 9, 'L1Q38AV', 'HP Prodesk 600G2 Desktop', 'INA701ZH49', 1, 18, 'W102-22-1701-074', '2017-01-30', 3, '2020-01-27'),
(2005, 'CITIL/16-17/P572', '2017-01-30', 9, 'L1Q38AV', 'HP Prodesk 600G2 Desktop', 'INA701ZH50', 1, 18, 'W102-22-1701-074', '2017-01-30', 3, '2020-01-27'),
(2006, 'CITIL/16-17/P572', '2017-01-30', 9, 'L1Q38AV', 'HP Prodesk 600G2 Desktop', 'INA701ZH51', 1, 18, 'W102-22-1701-074', '2017-01-30', 3, '2020-01-27'),
(2007, 'CITIL/16-17/P572', '2017-01-30', 9, 'L1Q38AV', 'HP Prodesk 600G2 Desktop', 'INA701ZH52', 1, 18, 'W102-22-1701-074', '2017-01-30', 3, '2020-01-27'),
(2008, 'CITIL/16-17/P572', '2017-01-30', 9, 'L1Q38AV', 'HP Prodesk 600G2 Desktop', 'INA701ZH53', 1, 18, 'W102-22-1701-074', '2017-01-30', 3, '2020-01-27'),
(2009, 'CITIL/16-17/P572', '2017-01-30', 9, 'L1Q38AV', 'HP Prodesk 600G2 Desktop', 'INA701ZH54', 1, 18, 'W102-22-1701-074', '2017-01-30', 3, '2020-01-27'),
(2010, 'CITIL/16-17/P572', '2017-01-30', 9, 'L1Q38AV', 'HP Prodesk 600G2 Desktop', 'INA701ZH55', 1, 18, 'W102-22-1701-074', '2017-01-30', 3, '2020-01-27'),
(2011, 'CITIL/16-17/P572', '2017-01-30', 9, 'L1Q38AV', 'HP Prodesk 600G2 Desktop', 'INA701ZH56', 1, 18, 'W102-22-1701-074', '2017-01-30', 3, '2020-01-27'),
(2012, 'CITIL/16-17/P572', '2017-01-30', 9, 'L1Q38AV', 'HP Prodesk 600G2 Desktop', 'INA701ZH57', 1, 18, 'W102-22-1701-074', '2017-01-30', 3, '2020-01-27'),
(2013, 'CITIL/16-17/P572', '2017-01-30', 9, 'L1Q38AV', 'HP Prodesk 600G2 Desktop', 'INA701ZH58', 1, 18, 'W102-22-1701-074', '2017-01-30', 3, '2020-01-27'),
(2014, 'CITIL/16-17/P572', '2017-01-30', 9, 'L1Q38AV', 'HP Prodesk 600G2 Desktop', 'INA701ZH59', 1, 18, 'W102-22-1701-074', '2017-01-30', 3, '2020-01-27'),
(2015, 'CITIL/16-17/P572', '2017-01-30', 9, 'L1Q38AV', 'HP Prodesk 600G2 Desktop', 'INA701ZH60', 1, 18, 'W102-22-1701-074', '2017-01-30', 3, '2020-01-27'),
(2016, 'CITIL/16-17/P572', '2017-01-30', 9, 'L1Q38AV', 'HP Prodesk 600G2 Desktop', 'INA701ZH61', 1, 18, 'W102-22-1701-074', '2017-01-30', 3, '2020-01-27'),
(2017, 'CITIL/16-17/P572', '2017-01-30', 9, 'L1Q38AV', 'HP Prodesk 600G2 Desktop', 'INA701ZH62', 1, 18, 'W102-22-1701-074', '2017-01-30', 3, '2020-01-27'),
(2018, 'CITIL/16-17/P572', '2017-01-30', 9, 'L1Q38AV', 'HP Prodesk 600G2 Desktop', 'INA701ZH63', 1, 18, 'W102-22-1701-074', '2017-01-30', 3, '2020-01-27'),
(2019, 'CITIL/16-17/P572', '2017-01-30', 9, 'L1Q38AV', 'HP Prodesk 600G2 Desktop', 'INA701ZH64', 1, 18, 'W102-22-1701-074', '2017-01-30', 3, '2020-01-27'),
(2020, 'CITIL/16-17/P572', '2017-01-30', 9, 'L1Q38AV', 'HP Prodesk 600G2 Desktop', 'INA701ZH65', 1, 18, 'W102-22-1701-074', '2017-01-30', 3, '2020-01-27'),
(2021, 'CITIL/16-17/P572', '2017-01-30', 9, 'L1Q38AV', 'HP Prodesk 600G2 Desktop', 'INA701ZH66', 1, 18, 'W102-22-1701-074', '2017-01-30', 3, '2020-01-27'),
(2022, 'CITIL/16-17/P572', '2017-01-30', 9, 'L1Q38AV', 'HP Prodesk 600G2 Desktop', 'INA701ZH67', 1, 18, 'W102-22-1701-074', '2017-01-30', 3, '2020-01-27'),
(2023, 'CITIL/16-17/P572', '2017-01-30', 9, 'L1Q38AV', 'HP Prodesk 600G2 Desktop', 'INA701ZH68', 1, 18, 'W102-22-1701-074', '2017-01-30', 3, '2020-01-27'),
(2024, 'CITIL/16-17/P572', '2017-01-30', 9, 'L1Q38AV', 'HP Prodesk 600G2 Desktop', 'INA701ZH69', 1, 18, 'W102-22-1701-074', '2017-01-30', 3, '2020-01-27'),
(2025, 'CITIL/16-17/P572', '2017-01-30', 9, 'L1Q38AV', 'HP Prodesk 600G2 Desktop', 'INA701ZH70', 1, 18, 'W102-22-1701-074', '2017-01-30', 3, '2020-01-27'),
(2026, 'CITIL/16-17/P572', '2017-01-30', 9, 'L1Q38AV', 'HP Prodesk 600G2 Desktop', 'INA701ZH71', 1, 18, 'W102-22-1701-074', '2017-01-30', 3, '2020-01-27'),
(2027, 'CITIL/16-17/P572', '2017-01-30', 9, 'L1Q38AV', 'HP Prodesk 600G2 Desktop', 'INA701ZH72', 1, 18, 'W102-22-1701-074', '2017-01-30', 3, '2020-01-27'),
(2028, 'CITIL/16-17/P572', '2017-01-30', 9, 'V5G70AA', 'HP V223 21.5\" LED Monitor', 'INA701ZH73', 1, 18, 'W102-22-1701-074', '2017-01-30', 3, '2020-01-27'),
(2029, 'CITIL/16-17/P572', '2017-01-30', 9, 'V5G70AA', 'HP V223 21.5\" LED Monitor', 'INA701ZH74', 1, 18, 'W102-22-1701-074', '2017-01-30', 3, '2020-01-27'),
(2030, 'CITIL/16-17/P572', '2017-01-30', 9, 'V5G70AA', 'HP V223 21.5\" LED Monitor', 'INA701ZH75', 1, 18, 'W102-22-1701-074', '2017-01-30', 3, '2020-01-27'),
(2031, 'CITIL/16-17/P572', '2017-01-30', 9, 'V5G70AA', 'HP V223 21.5\" LED Monitor', 'INA701ZH76', 1, 18, 'W102-22-1701-074', '2017-01-30', 3, '2020-01-27'),
(2032, 'CITIL/16-17/P572', '2017-01-30', 9, 'V5G70AA', 'HP V223 21.5\" LED Monitor', 'INA701ZH77', 1, 18, 'W102-22-1701-074', '2017-01-30', 3, '2020-01-27'),
(2033, 'CITIL/16-17/P572', '2017-01-30', 9, 'V5G70AA', 'HP V223 21.5\" LED Monitor', 'INA701ZH78', 1, 18, 'W102-22-1701-074', '2017-01-30', 3, '2020-01-27'),
(2034, 'CITIL/16-17/P572', '2017-01-30', 9, 'V5G70AA', 'HP V223 21.5\" LED Monitor', 'INA701ZH79', 1, 18, 'W102-22-1701-074', '2017-01-30', 3, '2020-01-27'),
(2035, 'CITIL/16-17/P572', '2017-01-30', 9, 'V5G70AA', 'HP V223 21.5\" LED Monitor', 'INA701ZH80', 1, 18, 'W102-22-1701-074', '2017-01-30', 3, '2020-01-27'),
(2036, 'CITIL/16-17/P572', '2017-01-30', 9, 'V5G70AA', 'HP V223 21.5\" LED Monitor', 'INA701ZH81', 1, 18, 'W102-22-1701-074', '2017-01-30', 3, '2020-01-27'),
(2037, 'CITIL/16-17/P572', '2017-01-30', 9, 'V5G70AA', 'HP V223 21.5\" LED Monitor', 'INA701ZH82', 1, 18, 'W102-22-1701-074', '2017-01-30', 3, '2020-01-27'),
(2038, 'CITIL/16-17/P572', '2017-01-30', 9, 'V5G70AA', 'HP V223 21.5\" LED Monitor', 'INA701ZH83', 1, 18, 'W102-22-1701-074', '2017-01-30', 3, '2020-01-27'),
(2039, 'CITIL/16-17/P572', '2017-01-30', 9, 'V5G70AA', 'HP V223 21.5\" LED Monitor', 'INA701ZH84', 1, 18, 'W102-22-1701-074', '2017-01-30', 3, '2020-01-27'),
(2040, 'CITIL/16-17/P572', '2017-01-30', 9, 'V5G70AA', 'HP V223 21.5\" LED Monitor', 'INA701ZH85', 1, 18, 'W102-22-1701-074', '2017-01-30', 3, '2020-01-27'),
(2041, 'CITIL/16-17/P572', '2017-01-30', 9, 'V5G70AA', 'HP V223 21.5\" LED Monitor', 'INA701ZH86', 1, 18, 'W102-22-1701-074', '2017-01-30', 3, '2020-01-27'),
(2042, 'CITIL/16-17/P572', '2017-01-30', 9, 'V5G70AA', 'HP V223 21.5\" LED Monitor', 'INA701ZH87', 1, 18, 'W102-22-1701-074', '2017-01-30', 3, '2020-01-27'),
(2043, 'CITIL/16-17/P572', '2017-01-30', 9, 'V5G70AA', 'HP V223 21.5\" LED Monitor', 'INA701ZH88', 1, 18, 'W102-22-1701-074', '2017-01-30', 3, '2020-01-27'),
(2044, 'CITIL/16-17/P572', '2017-01-30', 9, 'V5G70AA', 'HP V223 21.5\" LED Monitor', 'INA701ZH89', 1, 18, 'W102-22-1701-074', '2017-01-30', 3, '2020-01-27'),
(2045, 'CITIL/16-17/P572', '2017-01-30', 9, 'V5G70AA', 'HP V223 21.5\" LED Monitor', 'INA701ZH90', 1, 18, 'W102-22-1701-074', '2017-01-30', 3, '2020-01-27'),
(2046, 'CITIL/16-17/P572', '2017-01-30', 9, 'V5G70AA', 'HP V223 21.5\" LED Monitor', 'INA701ZH91', 1, 18, 'W102-22-1701-074', '2017-01-30', 3, '2020-01-27'),
(2047, 'CITIL/16-17/P572', '2017-01-30', 9, 'V5G70AA', 'HP V223 21.5\" LED Monitor', 'INA701ZH92', 1, 18, 'W102-22-1701-074', '2017-01-30', 3, '2020-01-27'),
(2048, 'CITIL/16-17/P572', '2017-01-30', 9, 'V5G70AA', 'HP V223 21.5\" LED Monitor', 'INA701ZH93', 1, 18, 'W102-22-1701-074', '2017-01-30', 3, '2020-01-27'),
(2049, 'CITIL/16-17/P572', '2017-01-30', 9, 'V5G70AA', 'HP V223 21.5\" LED Monitor', 'INA701ZH94', 1, 18, 'W102-22-1701-074', '2017-01-30', 3, '2020-01-27'),
(2050, 'CITIL/16-17/P572', '2017-01-30', 9, 'V5G70AA', 'HP V223 21.5\" LED Monitor', 'INA701ZH95', 1, 18, 'W102-22-1701-074', '2017-01-30', 3, '2020-01-27'),
(2051, 'CITIL/16-17/P572', '2017-01-30', 9, 'V5G70AA', 'HP V223 21.5\" LED Monitor', 'INA701ZH96', 1, 18, 'W102-22-1701-074', '2017-01-30', 3, '2020-01-27'),
(2052, 'CITIL/16-17/P572', '2017-01-30', 9, 'V5G70AA', 'HP V223 21.5\" LED Monitor', 'INA701ZH97', 1, 18, 'W102-22-1701-074', '2017-01-30', 3, '2020-01-27'),
(2053, 'CITIL/16-17/P572', '2017-01-30', 9, 'V5G70AA', 'HP V223 21.5\" LED Monitor', 'INA701ZH98', 1, 18, 'W102-22-1701-074', '2017-01-30', 3, '2020-01-27'),
(2054, 'CITIL/16-17/P572', '2017-01-30', 9, 'V5G70AA', 'HP V223 21.5\" LED Monitor', 'INA701ZH99', 1, 18, 'W102-22-1701-074', '2017-01-30', 3, '2020-01-27'),
(2055, 'CITIL/16-17/P572', '2017-01-30', 9, 'V5G70AA', 'HP V223 21.5\" LED Monitor', 'INA701ZH100', 1, 18, 'W102-22-1701-074', '2017-01-30', 3, '2020-01-27'),
(2056, 'CITIL/16-17/P572', '2017-01-30', 9, 'V5G70AA', 'HP V223 21.5\" LED Monitor', 'INA701ZH101', 1, 18, 'W102-22-1701-074', '2017-01-30', 3, '2020-01-27'),
(2057, 'CITIL/16-17/P572', '2017-01-30', 9, 'V5G70AA', 'HP V223 21.5\" LED Monitor', 'INA701ZH102', 1, 18, 'W102-22-1701-074', '2017-01-30', 3, '2020-01-27'),
(2058, 'CITIL/16-17/P572', '2017-01-30', 9, 'V5G70AA', 'HP V223 21.5\" LED Monitor', 'INA701ZH103', 1, 18, 'W102-22-1701-074', '2017-01-30', 3, '2020-01-27'),
(2059, 'CITIL/16-17/P572', '2017-01-30', 9, 'V5G70AA', 'HP V223 21.5\" LED Monitor', 'INA701ZH104', 1, 18, 'W102-22-1701-074', '2017-01-30', 3, '2020-01-27'),
(2060, 'CITIL/16-17/P572', '2017-01-30', 9, 'V5G70AA', 'HP V223 21.5\" LED Monitor', 'INA701ZH105', 1, 18, 'W102-22-1701-074', '2017-01-30', 3, '2020-01-27'),
(2061, 'CITIL/16-17/P572', '2017-01-30', 9, 'V5G70AA', 'HP V223 21.5\" LED Monitor', 'INA701ZH106', 1, 18, 'W102-22-1701-074', '2017-01-30', 3, '2020-01-27'),
(2062, 'CITIL/16-17/P572', '2017-01-30', 9, 'V5G70AA', 'HP V223 21.5\" LED Monitor', 'INA701ZH107', 1, 18, 'W102-22-1701-074', '2017-01-30', 3, '2020-01-27'),
(2063, 'CITIL/16-17/P572', '2017-01-30', 9, 'V5G70AA', 'HP V223 21.5\" LED Monitor', 'INA701ZH108', 1, 18, 'W102-22-1701-074', '2017-01-30', 3, '2020-01-27'),
(2064, 'CITIL/16-17/P572', '2017-01-30', 9, 'V5G70AA', 'HP V223 21.5\" LED Monitor', 'INA701ZH109', 1, 18, 'W102-22-1701-074', '2017-01-30', 3, '2020-01-27'),
(2065, 'CITIL/16-17/P572', '2017-01-30', 9, 'V5G70AA', 'HP V223 21.5\" LED Monitor', 'INA701ZH110', 1, 18, 'W102-22-1701-074', '2017-01-30', 3, '2020-01-27'),
(2066, 'CITIL/16-17/P572', '2017-01-30', 9, 'V5G70AA', 'HP V223 21.5\" LED Monitor', 'INA701ZH111', 1, 18, 'W102-22-1701-074', '2017-01-30', 3, '2020-01-27'),
(2067, 'CITIL/16-17/P572', '2017-01-30', 9, 'V5G70AA', 'HP V223 21.5\" LED Monitor', 'INA701ZH112', 1, 18, 'W102-22-1701-074', '2017-01-30', 3, '2020-01-27'),
(2068, 'CITIL/16-17/P572', '2017-01-30', 9, 'V5G70AA', 'HP V223 21.5\" LED Monitor', 'INA701ZH113', 1, 18, 'W102-22-1701-074', '2017-01-30', 3, '2020-01-27'),
(2069, 'CITIL/16-17/P572', '2017-01-30', 9, 'V5G70AA', 'HP V223 21.5\" LED Monitor', 'INA701ZH114', 1, 18, 'W102-22-1701-074', '2017-01-30', 3, '2020-01-27'),
(2070, 'CITIL/16-17/P572', '2017-01-30', 9, 'V5G70AA', 'HP V223 21.5\" LED Monitor', 'INA701ZH115', 1, 18, 'W102-22-1701-074', '2017-01-30', 3, '2020-01-27'),
(2071, 'CITIL/16-17/P572', '2017-01-30', 9, 'V5G70AA', 'HP V223 21.5\" LED Monitor', 'INA701ZH116', 1, 18, 'W102-22-1701-074', '2017-01-30', 3, '2020-01-27'),
(2072, 'CITIL/16-17/P572', '2017-01-30', 9, 'V5G70AA', 'HP V223 21.5\" LED Monitor', 'INA701ZH117', 1, 18, 'W102-22-1701-074', '2017-01-30', 3, '2020-01-27'),
(2073, 'CITIL/16-17/P572', '2017-01-30', 9, 'V5G70AA', 'HP V223 21.5\" LED Monitor', 'INA701ZH118', 1, 18, 'W102-22-1701-074', '2017-01-30', 3, '2020-01-27'),
(2074, 'CITIL/16-17/P572', '2017-01-30', 9, 'V5G70AA', 'HP V223 21.5\" LED Monitor', 'INA701ZH119', 1, 18, 'W102-22-1701-074', '2017-01-30', 3, '2020-01-27'),
(2075, 'CITIL/16-17/P572', '2017-01-30', 9, 'V5G70AA', 'HP V223 21.5\" LED Monitor', 'INA701ZH120', 1, 18, 'W102-22-1701-074', '2017-01-30', 3, '2020-01-27'),
(2076, 'CITIL/16-17/P572', '2017-01-30', 9, 'V5G70AA', 'HP V223 21.5\" LED Monitor', 'INA701ZH121', 1, 18, 'W102-22-1701-074', '2017-01-30', 3, '2020-01-27'),
(2077, 'CITIL/16-17/P572', '2017-01-30', 9, 'V5G70AA', 'HP V223 21.5\" LED Monitor', 'INA701ZH122', 1, 18, 'W102-22-1701-074', '2017-01-30', 3, '2020-01-27'),
(2078, 'CITIL/16-17/P-592', '2017-02-16', 31, 'L1Q38AV', 'HP Prodesk 600G2 Desktop', 'INA706PK6X', 1, 18, 'W102-22-1702-037', '2017-02-16', 3, '2020-02-15'),
(2079, 'CITIL/16-17/P-592', '2017-02-16', 31, 'V5G70AA', 'HP V223 21.5\" LED Monitor', '3CQ6462S4J', 1, 18, 'W102-22-1702-037', '2017-02-16', 3, '2020-02-15'),
(2395, 'CITIL/16-17/P-613', '2017-03-01', 15, 'V5E94AA', 'HP V194 18.5\" Monitor', '3CQ7013TYD', 1, 17, '40-4418152', '2017-03-01', 3, '2020-02-28'),
(2394, 'CITIL/16-17/P-613', '2017-03-01', 15, 'L1Q38AV', 'HP Prodesk 600 G2 MT Desktop', 'INA707PQG9', 1, 17, '40-4418152', '2017-03-01', 3, '2020-02-28'),
(2393, 'CITIL/16-17/P-613', '2017-03-01', 15, 'L1Q38AV', 'HP Prodesk 600 G2 MT Desktop', 'INA707PQG8', 1, 17, '40-4418152', '2017-03-01', 3, '2020-02-28'),
(2392, 'CITIL/16-17/P-613', '2017-03-01', 15, 'L1Q38AV', 'HP Prodesk 600 G2 MT Desktop', 'INA707PQG7', 1, 17, '40-4418152', '2017-03-01', 3, '2020-02-28'),
(2391, 'CITIL/16-17/P-613', '2017-03-01', 15, 'L1Q38AV', 'HP Prodesk 600 G2 MT Desktop', 'INA707PQGV', 1, 17, '40-4418152', '2017-03-01', 3, '2020-02-28'),
(2390, 'CITIL/16-17/P-613', '2017-03-01', 15, 'L1Q38AV', 'HP Prodesk 600 G2 MT Desktop', 'INA707PQGT', 1, 17, '40-4418152', '2017-03-01', 3, '2020-02-28'),
(2389, 'CITIL/16-17/P-613', '2017-03-01', 15, 'L1Q38AV', 'HP Prodesk 600 G2 MT Desktop', 'INA707PQGS', 1, 17, '40-4418152', '2017-03-01', 3, '2020-02-28'),
(2388, 'CITIL/16-17/P-613', '2017-03-01', 15, 'L1Q38AV', 'HP Prodesk 600 G2 MT Desktop', 'INA707PQGR', 1, 17, '40-4418152', '2017-03-01', 3, '2020-02-28');
INSERT INTO `tblwarranty` (`warrId`, `citilInvoiceNo`, `citilInvoiceDate`, `custId`, `prodNo`, `prodDesc`, `prodSerial`, `prodQty`, `distId`, `distInvoiceNo`, `distInvoiceDate`, `warrExYears`, `warrExpDate`) VALUES
(2387, 'CITIL/16-17/P-613', '2017-03-01', 15, 'L1Q38AV', 'HP Prodesk 600 G2 MT Desktop', 'INA707PQGQ', 1, 17, '40-4418152', '2017-03-01', 3, '2020-02-28'),
(2386, 'CITIL/16-17/P-613', '2017-03-01', 15, 'L1Q38AV', 'HP Prodesk 600 G2 MT Desktop', 'INA707PQGP', 1, 17, '40-4418152', '2017-03-01', 3, '2020-02-28'),
(2385, 'CITIL/16-17/P-613', '2017-03-01', 15, 'L1Q38AV', 'HP Prodesk 600 G2 MT Desktop', 'INA707PQGN', 1, 17, '40-4418152', '2017-03-01', 3, '2020-02-28'),
(2384, 'CITIL/16-17/P-613', '2017-03-01', 15, 'L1Q38AV', 'HP Prodesk 600 G2 MT Desktop', 'INA707PQGM', 1, 17, '40-4418152', '2017-03-01', 3, '2020-02-28'),
(2383, 'CITIL/16-17/P-613', '2017-03-01', 15, 'L1Q38AV', 'HP Prodesk 600 G2 MT Desktop', 'INA707PQGL', 1, 17, '40-4418152', '2017-03-01', 3, '2020-02-28'),
(2382, 'CITIL/16-17/P-613', '2017-03-01', 15, 'L1Q38AV', 'HP Prodesk 600 G2 MT Desktop', 'INA707PQGK', 1, 17, '40-4418152', '2017-03-01', 3, '2020-02-28'),
(2381, 'CITIL/16-17/P-613', '2017-03-01', 15, 'L1Q38AV', 'HP Prodesk 600 G2 MT Desktop', 'INA707PQGJ', 1, 17, '40-4418152', '2017-03-01', 3, '2020-02-28'),
(2380, 'CITIL/16-17/P-613', '2017-03-01', 15, 'L1Q38AV', 'HP Prodesk 600 G2 MT Desktop', 'INA707PQGH', 1, 17, '40-4418152', '2017-03-01', 3, '2020-02-28'),
(2379, 'CITIL/16-17/P-613', '2017-03-01', 15, 'L1Q38AV', 'HP Prodesk 600 G2 MT Desktop', 'INA707PQGG', 1, 17, '40-4418152', '2017-03-01', 3, '2020-02-28'),
(2378, 'CITIL/16-17/P-613', '2017-03-01', 15, 'L1Q38AV', 'HP Prodesk 600 G2 MT Desktop', 'INA707PQGF', 1, 17, '40-4418152', '2017-03-01', 3, '2020-02-28'),
(2377, 'CITIL/16-17/P-613', '2017-03-01', 15, 'L1Q38AV', 'HP Prodesk 600 G2 MT Desktop', 'INA707PQGD', 1, 17, '40-4418152', '2017-03-01', 3, '2020-02-28'),
(2376, 'CITIL/16-17/P-613', '2017-03-01', 15, 'L1Q38AV', 'HP Prodesk 600 G2 MT Desktop', 'INA707PQGC', 1, 17, '40-4418152', '2017-03-01', 3, '2020-02-28'),
(2375, 'CITIL/16-17/P-613', '2017-03-01', 15, 'L1Q38AV', 'HP Prodesk 600 G2 MT Desktop', 'INA707PQGB', 1, 17, '40-4418152', '2017-03-01', 3, '2020-02-28'),
(2374, 'CITIL/16-17/P-584', '2017-02-08', 31, '755259-B21', 'HP Proliant DL360 gen 9 Server', 'SGH704X2KH', 1, 17, '40-4416929', '2017-02-06', 3, '2020-02-05'),
(2373, 'CITIL/16-17/P-581', '2017-02-07', 18, 'M1P02AA', 'HP Elitedisplay E242 Monitor', 'CNC6420DGQ', 1, 17, '40-4416928', '2017-02-06', 3, '2020-02-05'),
(2372, 'CITIL/16-17/P-581', '2017-02-07', 18, 'M1P02AA', 'HP Elitedisplay E242 Monitor', 'CNC6340QG9', 1, 17, '40-4416928', '2017-02-06', 3, '2020-02-05'),
(2371, 'CITIL/16-17/P-581', '2017-02-07', 18, 'M1P02AA', 'HP Elitedisplay E242 Monitor', 'CNC6340QG8', 1, 17, '40-4416928', '2017-02-06', 3, '2020-02-05'),
(2370, 'CITIL/16-17/P-581', '2017-02-07', 18, 'M1P02AA', 'HP Elitedisplay E242 Monitor', 'CNC6340QGH', 1, 17, '40-4416928', '2017-02-06', 3, '2020-02-05'),
(2369, 'CITIL/16-17/P-581', '2017-02-07', 18, 'M1P02AA', 'HP Elitedisplay E242 Monitor', 'CNC6340QGB', 1, 17, '40-4416928', '2017-02-06', 3, '2020-02-05'),
(2368, 'CITIL/16-17/P-581', '2017-02-07', 18, 'AJ764A', 'Dual Port HBA', 'MY565222HX', 1, 17, '40-4226122', '2017-01-28', 3, '2020-01-27'),
(2366, 'CITIL/16-17/P-581', '2017-02-07', 18, '724865-B21', 'HP DL380 Universal Media Kit', 'CN76500H1N', 1, 17, '40-4226122', '2017-01-28', 3, '2020-01-27'),
(2365, 'CITIL/16-17/P-581', '2017-02-07', 18, '785067-B21', 'HP 300 GB 12 SAS HDD10K', '2C56261050', 1, 17, '40-4226122', '2017-01-28', 3, '2020-01-27'),
(2364, 'CITIL/16-17/P-581', '2017-02-07', 18, '785067-B21', 'HP 300 GB 12 SAS HDD10K', '2C5626105D', 1, 17, '40-4226122', '2017-01-28', 3, '2020-01-27'),
(2363, 'CITIL/16-17/P-581', '2017-02-07', 18, '785067-B21', 'HP 300 GB 12 SAS HDD10K', '2C5626105A', 1, 17, '40-4226122', '2017-01-28', 3, '2020-01-27'),
(2362, 'CITIL/16-17/P-581', '2017-02-07', 18, '785067-B21', 'HP 300 GB 12 SAS HDD10K', '2C5626104Z', 1, 17, '40-4226122', '2017-01-28', 3, '2020-01-27'),
(2361, 'CITIL/16-17/P-581', '2017-02-07', 18, '785067-B21', 'HP 300 GB 12 SAS HDD10K', '2C5625107A', 1, 17, '40-4226122', '2017-01-28', 3, '2020-01-27'),
(2360, 'CITIL/16-17/P-581', '2017-02-07', 18, '785067-B21', 'HP 300 GB 12 SAS HDD10K', '2C5625106M', 1, 17, '40-4226122', '2017-01-28', 3, '2020-01-27'),
(2359, 'CITIL/16-17/P-581', '2017-02-07', 18, '836220-B21', 'HPE 16Gb 2Rx4 PC4', 'CNZ6300B8W', 1, 17, '40-4226122', '2017-01-28', 3, '2020-01-27'),
(2358, 'CITIL/16-17/P-581', '2017-02-07', 18, '836220-B21', 'HPE 16Gb 2Rx4 PC4', 'CNZ6300B8T', 1, 17, '40-4226122', '2017-01-28', 3, '2020-01-27'),
(2357, 'CITIL/16-17/P-581', '2017-02-07', 18, '836220-B21', 'HPE 16Gb 2Rx4 PC4', 'CNZ6300H7T', 1, 17, '40-4226122', '2017-01-28', 3, '2020-01-27'),
(2356, 'CITIL/16-17/P-581', '2017-02-07', 18, '836220-B21', 'HPE 16Gb 2Rx4 PC4', 'CNZ6300B7R', 1, 17, '40-4226122', '2017-01-28', 3, '2020-01-27'),
(2355, 'CITIL/16-17/P-581', '2017-02-07', 18, '836220-B21', 'HPE 16Gb 2Rx4 PC4', 'CNZ6300B7G', 1, 17, '40-4226122', '2017-01-28', 3, '2020-01-27'),
(2354, 'CITIL/16-17/P-581', '2017-02-07', 18, '836220-B21', 'HPE 16Gb 2Rx4 PC4', 'CNZ6300BA6', 1, 17, '40-4226122', '2017-01-28', 3, '2020-01-27'),
(2353, 'CITIL/16-17/P-581', '2017-02-07', 18, '859082-375', 'HP DL380 Gen9 M5-2630V4', 'IN7624009H', 1, 17, '40-4226122', '2017-01-28', 3, '2020-01-27'),
(2352, 'CITIL/16-17/P-581', '2017-02-07', 18, '817933-B21', 'HP DL380 Gen9 8SFF CTO Server', 'SGH642YPM4', 1, 17, '40-4226122', '2017-01-28', 3, '2020-01-27'),
(2351, 'CITIL/16-17/P-578', '2017-02-03', 12, 'L4Q76AA', 'HP Elitedisplay E220T ', '3CQ6450JL8', 1, 17, '40-4416502', '2017-01-30', 3, '2020-01-27'),
(2350, 'CITIL/16-17/P-578', '2017-02-03', 12, 'L4Q76AA', 'HP Elitedisplay E220T ', '3CQ6450JL0', 1, 17, '40-4416502', '2017-01-30', 3, '2020-01-27'),
(2349, 'CITIL/16-17/P-578', '2017-02-03', 12, 'L4Q76AA', 'HP Elitedisplay E220T ', '3CQ6450JK7', 1, 17, '40-4416502', '2017-01-30', 3, '2020-01-27'),
(2348, 'CITIL/16-17/P-578', '2017-02-03', 12, 'L4Q76AA', 'HP Elitedisplay E220T ', '3CQ6450JK6', 1, 17, '40-4416502', '2017-01-30', 3, '2020-01-27'),
(2347, 'CITIL/16-17/P-578', '2017-02-03', 12, 'L4Q76AA', 'HP Elitedisplay E220T ', '3CQ6450JKS', 1, 17, '40-4416502', '2017-01-30', 3, '2020-01-27'),
(2346, 'CITIL/16-17/P-578', '2017-02-03', 12, 'L4Q76AA', 'HP Elitedisplay E220T ', '3CQ6450JKP', 1, 17, '40-4416502', '2017-01-30', 3, '2020-01-27'),
(2345, 'CITIL/16-17/P-578', '2017-02-03', 12, 'L4Q76AA', 'HP Elitedisplay E220T ', '3CQ6450JKL', 1, 17, '40-4416502', '2017-01-30', 3, '2020-01-27'),
(2344, 'CITIL/16-17/P-578', '2017-02-03', 12, 'L4Q76AA', 'HP Elitedisplay E220T ', '3CQ6450JKB', 1, 17, '40-4416502', '2017-01-30', 3, '2020-01-27'),
(2343, 'CITIL/16-17/P-578', '2017-02-03', 12, 'L4Q76AA', 'HP Elitedisplay E220T ', '3CQ6450JJ0', 1, 17, '40-4416502', '2017-01-30', 3, '2020-01-27'),
(2342, 'CITIL/16-17/P-578', '2017-02-03', 12, 'L4Q76AA', 'HP Elitedisplay E220T ', '3CQ6450JJY', 1, 17, '40-4416502', '2017-01-30', 3, '2020-01-27'),
(2341, 'CITIL/16-17/P-578', '2017-02-03', 12, 'L4Q76AA', 'HP Elitedisplay E220T ', '3CQ6450JJS', 1, 17, '40-4416502', '2017-01-30', 3, '2020-01-27'),
(2340, 'CITIL/16-17/P-578', '2017-02-03', 12, 'L4Q76AA', 'HP Elitedisplay E220T ', '3CQ6450JJR', 1, 17, '40-4416502', '2017-01-30', 3, '2020-01-27'),
(2339, 'CITIL/16-17/P-578', '2017-02-03', 12, 'L4Q76AA', 'HP Elitedisplay E220T ', '3CQ6450JJP', 1, 17, '40-4416502', '2017-01-30', 3, '2020-01-27'),
(2338, 'CITIL/16-17/P-578', '2017-02-03', 12, 'L4Q76AA', 'HP Elitedisplay E220T ', '3CQ6450JJM', 1, 17, '40-4416502', '2017-01-30', 3, '2020-01-27'),
(2337, 'CITIL/16-17/P-578', '2017-02-03', 12, 'L4Q76AA', 'HP Elitedisplay E220T ', '3CQ6450JJL', 1, 17, '40-4416502', '2017-01-30', 3, '2020-01-27'),
(2336, 'CITIL/16-17/P-578', '2017-02-03', 12, 'L4Q76AA', 'HP Elitedisplay E220T ', '3CQ6450JGF', 1, 17, '40-4416502', '2017-01-30', 3, '2020-01-27'),
(2335, 'CITIL/17-18/P096', '2017-06-08', 20, 'R7038002D6', 'HP Z440 Workstation', 'SGH716RNLL', 1, 17, '40-4403317', '2017-06-07', 3, '2020-06-05'),
(2334, 'CITIL/17-18/P096', '2017-06-08', 20, 'F5W13AV', 'HP Z440 Workstation', 'SGH716RNLK', 1, 17, '40-4403317', '2017-06-07', 3, '2020-06-05'),
(2333, 'CITIL/17-18/P052', '2017-05-03', 31, 'D7P53A4', 'HP 24I 24\" Monitor', 'CNK7050XB5', 1, 17, '40-4401637', '2017-05-02', 3, '2020-04-28'),
(2332, 'CITIL/17-18/P052', '2017-05-03', 31, 'F2D64AV', 'HP Z640 Workstation', 'SGH716RNLN', 1, 17, '40-4401637', '2017-05-02', 3, '2020-04-28'),
(2331, 'CITIL/17-18/P048', '2017-05-02', 43, 'V5G70AA', 'HP Elitedisplay E223 Monitor', '3CQ70624L6', 1, 17, '40-4401636', '2017-05-02', 3, '2020-04-28'),
(2330, 'CITIL/17-18/P048', '2017-05-02', 43, 'V5G70AA', 'HP Elitedisplay E223 Monitor', '3CQ70624LH', 1, 17, '40-4401636', '2017-05-02', 3, '2020-04-28'),
(2329, 'CITIL/17-18/P048', '2017-05-02', 43, 'Y54B794CS', 'HP Prodesk 400 G3', 'INA715ST7L', 1, 17, '40-4401636', '2017-05-02', 3, '2020-04-28'),
(2328, 'CITIL/17-18/P048', '2017-05-02', 43, 'Y54B794CS', 'HP Prodesk 400 G3', 'INA715ST7M', 1, 17, '40-4401636', '2017-05-22', 3, '2020-05-18'),
(2249, 'CITIL/16-17/P-578', '2017-02-03', 12, 'L4Q76AA', 'HP Elitedisplay E220T ', '3CQ6450JJK', 1, 17, '40-4416502', '2017-01-30', 3, '2020-01-27'),
(2396, 'CITIL/16-17/P-613', '2017-03-01', 15, 'V5E94AA', 'HP V194 18.5\" Monitor', '3CQ7013V6T', 1, 17, '40-4418152', '2017-03-01', 3, '2020-02-28'),
(2397, 'CITIL/16-17/P-613', '2017-03-01', 15, 'V5E94AA', 'HP V194 18.5\" Monitor', '3CQ7013V6V', 1, 17, '40-4418152', '2017-03-01', 3, '2020-02-28'),
(2398, 'CITIL/16-17/P-613', '2017-03-01', 15, 'V5E94AA', 'HP V194 18.5\" Monitor', '3CQ7013V6Y', 1, 17, '40-4418152', '2017-03-01', 3, '2020-02-28'),
(2399, 'CITIL/16-17/P-613', '2017-03-01', 15, 'V5E94AA', 'HP V194 18.5\" Monitor', '3CQ7013V7T', 1, 17, '40-4418152', '2017-03-01', 3, '2020-02-28'),
(2400, 'CITIL/16-17/P-613', '2017-03-01', 15, 'V5E94AA', 'HP V194 18.5\" Monitor', '3CQ7013V72', 1, 17, '40-4418152', '2017-03-01', 3, '2020-02-28'),
(2401, 'CITIL/16-17/P-613', '2017-03-01', 15, 'V5E94AA', 'HP V194 18.5\" Monitor', '3CQ7013V76', 1, 17, '40-4418152', '2017-03-01', 3, '2020-02-28'),
(2402, 'CITIL/16-17/P-613', '2017-03-01', 15, 'V5E94AA', 'HP V194 18.5\" Monitor', '3CQ7013V79', 1, 17, '40-4418152', '2017-03-01', 3, '2020-02-28'),
(2403, 'CITIL/16-17/P-613', '2017-03-01', 15, 'V5E94AA', 'HP V194 18.5\" Monitor', '3CQ7020WQQ', 1, 17, '40-4418152', '2017-03-01', 3, '2020-02-28'),
(2404, 'CITIL/16-17/P-613', '2017-03-01', 15, 'V5E94AA', 'HP V194 18.5\" Monitor', '3CQ7020WQV', 1, 17, '40-4418152', '2017-03-01', 3, '2020-02-28'),
(2405, 'CITIL/16-17/P-613', '2017-03-01', 15, 'V5E94AA', 'HP V194 18.5\" Monitor', '3CQ7020WQW', 1, 17, '40-4418152', '2017-03-01', 3, '2020-02-28'),
(2406, 'CITIL/16-17/P-613', '2017-03-01', 15, 'V5E94AA', 'HP V194 18.5\" Monitor', '3CQ7020QY', 1, 17, '40-4418152', '2017-03-01', 3, '2020-02-28'),
(2407, 'CITIL/16-17/P-613', '2017-03-01', 15, 'V5E94AA', 'HP V194 18.5\" Monitor', '3CQ7020WRT', 1, 17, '40-4418152', '2017-03-01', 3, '2020-02-28'),
(2408, 'CITIL/16-17/P-613', '2017-03-01', 15, 'V5E94AA', 'HP V194 18.5\" Monitor', '3CQ7020WR1', 1, 17, '40-4418152', '2017-03-01', 3, '2020-02-28'),
(2409, 'CITIL/16-17/P-613', '2017-03-01', 15, 'V5E94AA', 'HP V194 18.5\" Monitor', '3CQ7020WS3', 1, 17, '40-4418152', '2017-03-01', 3, '2020-02-28'),
(2410, 'CITIL/16-17/P-613', '2017-03-01', 15, 'V5E94AA', 'HP V194 18.5\" Monitor', '3CQ7020XVL', 1, 17, '40-4418152', '2017-03-01', 3, '2020-02-28'),
(2411, 'CITIL/16-17/P-613', '2017-03-01', 15, 'V5E94AA', 'HP V194 18.5\" Monitor', '3CQ7020XVM', 1, 17, '40-4418152', '2017-03-01', 3, '2020-02-28'),
(2412, 'CITIL/16-17/P-613', '2017-03-01', 15, 'V5E94AA', 'HP V194 18.5\" Monitor', '3CQ7020XVP', 1, 17, '40-4418152', '2017-03-01', 3, '2020-02-28'),
(2413, 'CITIL/16-17/P-613', '2017-03-01', 15, 'V5E94AA', 'HP V194 18.5\" Monitor', '3CQ7020XVQ', 1, 17, '40-4418152', '2017-03-01', 3, '2020-02-28'),
(2414, 'CITIL/16-17/P-613', '2017-03-01', 15, 'V5E94AA', 'HP V194 18.5\" Monitor', '3CQ7020VS', 1, 17, '40-4418152', '2017-03-01', 3, '2020-02-28'),
(2415, '18190227', '2018-08-10', 23, '2WK52AV', 'HP ZBOOK 15u MOBILE WORKSTATION', '5CG8304ZTW', 1, 17, 'GDI40441041760', '2018-08-10', 1, '2019-08-09'),
(2416, 'CITIL/15-16/T172', '2015-08-22', 27, 'L1R13PT', 'HP 202 G2 Desktop', 'INA523WZKQ', 1, 16, '1501774/WH', '2016-08-18', 3, '2019-08-15'),
(2417, 'CITIL/15-16/T172', '2015-08-22', 27, 'L1R13PT', 'HP 202 G2 Desktop', 'INA514SWFQ', 1, 16, '1501774/WH', '2016-08-18', 3, '2019-08-15'),
(2418, 'CITIL/15-16/T172', '2015-08-22', 27, 'G9W86AA', 'HP V193 LED Backlit Monitor', '3CQ516026G', 1, 16, '1501774/WH', '2016-08-18', 3, '2019-08-15'),
(2419, 'CITIL/15-16/T172', '2015-08-22', 27, 'G9W86AA', 'HP V193 LED Backlit Monitor', '3CQ50710VR', 1, 16, '1501774/WH', '2016-08-18', 3, '2019-08-15'),
(2421, 'CITIL/16-17/P255', '2016-08-24', 39, 'V3E79PA', 'HP Probook 440G3 Desktop', '5CD621136H', 1, 16, '1602002/SR', '2016-08-24', 3, '2019-08-23'),
(2424, 'CITIL/16-17/P256', '2016-08-26', 28, 'L9S92PA', 'HP Zbook 14 Laptop', '5CG6903DIB', 1, 16, '1602012/SR', '2016-08-24', 3, '2019-08-23'),
(2425, 'CITIL/16-17/P256', '2016-08-26', 28, 'H6Y77AA', 'HP 8GB DDr3 -1600 Ram', ' - ', 1, 16, '1602012/SR', '2016-08-24', 3, '2019-08-23'),
(2432, 'CITIL/16-17/P330', '2016-10-05', 39, 'G9W86AA', 'HP V192 18.5\" TFT Monitor', '3CQ5502M7L', 1, 16, '0018495/SO', '2016-09-30', 3, '2019-09-29'),
(2433, 'CITIL/16-17/P330', '2016-10-05', 39, 'G9W86AA', 'HP V192 18.5\" TFT Monitor', '3CQ5502M9C', 1, 16, '0018495/SO', '2016-09-30', 3, '2019-09-29'),
(2434, 'CITIL/16-17/P330', '2016-10-05', 39, 'G9W86AA', 'HP V192 18.5\" TFT Monitor', '3CQ6043MJP', 1, 16, '0018495/SO', '2016-09-30', 3, '2019-09-29'),
(2435, 'CITIL/16-17/P330', '2016-10-05', 39, 'G9W86AA', 'HP V192 18.5\" TFT Monitor', '3CQ6043MK2', 1, 16, '0018495/SO', '2016-09-30', 3, '2019-09-29'),
(2436, 'CITIL/16-17/P330', '2016-10-05', 39, 'G9W86AA', 'HP V192 18.5\" TFT Monitor', '3CQ6043W6F', 1, 16, '0018495/SO', '2016-09-30', 3, '2019-09-29'),
(2437, 'CITIL/16-17/P330', '2016-10-05', 39, 'G9W86AA', 'HP V192 18.5\" TFT Monitor', '3CQ6043XR3', 1, 16, '0018495/SO', '2016-09-30', 3, '2019-09-29'),
(2440, 'CITIL/16-17/P330', '2016-10-05', 39, 'G9W86AA', 'HP V192 18.5\" TFT Monitor', '3CQ6043XRN', 1, 16, '0018495/SO', '2016-09-30', 3, '2019-09-29'),
(2441, 'CITIL/16-17/P330', '2016-10-05', 39, 'G9W86AA', 'HP V192 18.5\" TFT Monitor', '3CQ6043Y3F', 1, 16, '0018495/SO', '2016-09-30', 3, '2019-09-29'),
(2442, 'CITIL/16-17/P330', '2016-10-05', 39, 'W7C55PT', 'HP 280 G2 MT Desktop', 'INA635W1R8', 1, 16, '0018495/SO', '2016-09-30', 3, '2019-09-29'),
(2443, 'CITIL/16-17/P330', '2016-10-05', 39, 'W7C55PT', 'HP 280 G2 MT Desktop', 'INA635W1S1', 1, 16, '0018495/SO', '2016-09-30', 3, '2019-09-29'),
(2444, 'CITIL/16-17/P330', '2016-10-05', 39, 'W7C55PT', 'HP 280 G2 MT Desktop', 'INA635W1V2', 1, 16, '0018495/SO', '2016-09-30', 3, '2019-09-29'),
(2445, 'CITIL/16-17/P330', '2016-10-05', 39, 'W7C55PT', 'HP 280 G2 MT Desktop', 'INA635W1X3', 1, 16, '0018495/SO', '2016-09-30', 3, '2019-09-29'),
(2446, 'CITIL/16-17/P330', '2016-10-05', 39, 'W7C55PT', 'HP 280 G2 MT Desktop', 'INA636W7JX', 1, 16, '0018495/SO', '2016-09-30', 3, '2019-09-29'),
(2447, 'CITIL/16-17/P330', '2016-10-05', 39, 'W7C55PT', 'HP 280 G2 MT Desktop', 'INA636W7K4', 1, 16, '0018495/SO', '2016-09-30', 3, '2019-09-29'),
(2454, 'CITIL/16-17/P330', '2016-10-05', 39, 'W7C53PT', 'HP 280 G2 MT Desktop', 'INA636W6BY', 1, 16, '0018495/SO', '2016-09-30', 3, '2019-09-29'),
(2455, 'CITIL/16-17/P330', '2016-10-05', 39, 'W7C53PT', 'HP 280 G2 MT Desktop', 'INA636W6MG', 1, 16, '0018495/SO', '2016-09-30', 3, '2019-09-29'),
(2459, 'CITIL/16-17/P342', '2016-10-13', 14, 'V3E80PA', 'HP Probook 440 G3 Laptop', '5CD622099P', 1, 16, '1602481/SR', '2016-10-06', 3, '2019-10-05'),
(2463, 'CITIL/16-17/P475', '2016-12-19', 14, 'V5E94AA', 'HP V194 18.5\" TFT Monitor', '3CQ6123WW', 1, 16, '1602218/WH', '2016-12-16', 3, '2019-12-15'),
(2467, 'CITIL/16-17/P475', '2016-12-19', 14, 'V8N76PT', 'HP 280G2 Desktop', 'INA637WDDH', 1, 16, '1602218/WH', '2016-12-16', 3, '2019-12-15'),
(2468, 'CITIL/16-17/P475', '2016-12-19', 14, 'V8N76PT', 'HP 280G2 Desktop', 'INA637WDDV', 1, 16, '1602218/WH', '2016-12-16', 3, '2019-12-15'),
(2469, 'CITIL/16-17/P475', '2016-12-19', 14, 'V8N76PT', 'HP 280G2 Desktop', 'INA637WDG6', 1, 16, '1602218/WH', '2016-12-16', 3, '2019-12-15'),
(2471, 'CITIL/16-17/P475', '2016-12-19', 14, 'V5E94AA', 'HP V194 18.5\" TFT Monitor', '3CQ6321GXT', 1, 16, '1602218/WH', '2016-12-16', 3, '2019-12-15'),
(2472, 'CITIL/16-17/P475', '2016-12-19', 14, 'V5E94AA', 'HP V194 18.5\" TFT Monitor', '3CQ6321GY0', 1, 16, '1602218/WH', '2016-12-16', 3, '2019-12-15'),
(2473, 'CITIL/16-17/P488', '2016-12-21', 19, 'VW469A', 'HP 18.5\"TFT Monitor', '3CQ6331S36', 1, 16, '1602259/WH', '2016-12-20', 3, '2019-12-19'),
(2481, 'CITIL/17-17/P022', '2017-04-18', 42, 'Z3P95PA', 'HP Z240 Workstation', 'SGH649PDL8', 1, 16, '1700174/SR', '2017-04-14', 3, '2020-04-10'),
(2482, 'CITIL/17-17/P022', '2017-04-18', 42, 'Z3P95PA', 'HP Z240 Workstation', 'SGH649PDL0', 1, 16, '1700174/SR', '2017-04-14', 3, '2020-04-10'),
(2483, 'CITIL/17-17/P022', '2017-04-18', 42, 'Z3P95PA', 'HP Z240 Workstation', 'SGH649PDKY', 1, 16, '1700174/SR', '2017-04-14', 3, '2020-04-10'),
(2484, 'CITIL/17-17/P022', '2017-04-18', 42, 'Z3P95PA', 'HP Z240 Workstation', 'SGH649PDL5', 1, 16, '1700174/SR', '2017-04-14', 3, '2020-04-10'),
(2485, 'CITIL/17-17/P022', '2017-04-18', 42, 'Z3P95PA', 'HP Z240 Workstation', 'SGH649PDKW', 1, 16, '1700174/SR', '2017-04-14', 3, '2020-04-10'),
(2486, 'CITIL/17-17/P022', '2017-04-18', 42, 'Z3P95PA', 'HP Z240 Workstation', 'SGH649PDLB', 1, 16, '1700174/SR', '2017-04-14', 3, '2020-04-10'),
(2487, 'CITIL/17-17/P022', '2017-04-18', 42, 'Z3P95PA', 'HP Z240 Workstation', 'SGH649PDKT', 1, 16, '1700174/SR', '2017-04-14', 3, '2020-04-10'),
(2488, 'CITIL/17-17/P022', '2017-04-18', 42, 'Z3P95PA', 'HP Z240 Workstation', 'SGH649PDKN', 1, 16, '1700174/SR', '2017-04-14', 3, '2020-04-10'),
(2489, 'CITIL/17-18/32', '2017-05-31', 31, '1AA06PA', 'HP348 G4 Notebook', '5CG70805NT', 1, 16, '1700815/SR', '2017-05-31', 3, '2020-05-29'),
(2490, 'CITIL/17-18/P-099', '2017-06-12', 28, '1AA16PA', 'HP Probook 440-G3', '5CD6464YHK', 1, 16, '1700912/SR', '2017-06-09', 3, '2020-06-07'),
(2491, 'CITIL/17-18/P-099', '2017-06-12', 28, '1AA16PA', 'HP Probook 440-G3', '5CD6464YF1', 1, 16, '1700912/SR', '2017-06-09', 3, '2020-06-07'),
(2492, 'CITIL/17-18/P-099', '2017-06-12', 28, '1AA16PA', 'HP Probook 440-G3', '5CD6464YFZ', 1, 16, '1700912/SR', '2017-06-09', 3, '2020-06-07'),
(2493, 'CITIL/17-18/P-099', '2017-06-12', 28, '1AA16PA', 'HP Probook 440-G3', '5CD6464YF8', 1, 16, '1700912/SR', '2017-06-09', 3, '2020-06-07'),
(2494, 'CITIL/17-18/P-099', '2017-06-12', 28, '1AA15PA', 'HP Probook 450-G3 Laptop', '5CD7123MNH', 1, 16, '1700912/SR', '2017-06-09', 3, '2020-06-07'),
(2495, 'CITIL/17-18/P-099', '2017-06-12', 28, '1AL29PA', 'HP 280G2 Desktop', 'INA709QV82', 1, 16, '1700912/SR', '2017-06-09', 3, '2020-06-07'),
(2496, 'CITIL/17-18/P-099', '2017-06-12', 28, 'V194', 'HP 18.5\" TFT Monitor', '3CQ7013TBY', 1, 16, '1700912/SR', '2017-06-09', 3, '2020-06-07'),
(2497, 'CITIL/16-17/P-', '2017-01-27', 8, 'T0B51A', 'HP Designjet Z5600 Plotter', 'CN66642K027', 1, 16, '1602737/WH', '2017-01-25', 3, '2020-01-22'),
(2498, 'CITIL/16-17/P-581', '2017-02-07', 18, 'L9Y61PA', 'HP Z440 Workstation', 'SGH636PHM6', 1, 16, '1602774WH', '2017-01-30', 3, '2020-01-29'),
(2499, 'CITIL/16-17/P-581', '2017-02-07', 18, 'L9Y61PA', 'HP Z440 Workstation', 'SGH636PB8N', 1, 16, '1602774WH', '2017-01-30', 3, '2020-01-29'),
(2500, 'CITIL/16-17/P-581', '2017-02-07', 18, 'L9Y61PA', 'HP Z440 Workstation', 'SGH636P8QN', 1, 16, '1602774WH', '2017-01-30', 3, '2020-01-29'),
(2501, 'CITIL/16-17/P-581', '2017-02-07', 18, 'L9Y61PA', 'HP Z440 Workstation', 'SGH636PB7B', 1, 16, '1602774WH', '2017-01-30', 3, '2020-01-29'),
(2502, 'CITIL/16-17/P-581', '2017-02-07', 18, 'L9Y61PA', 'HP Z440 Workstation', 'SGH636PB8X', 1, 16, '1602774WH', '2017-01-30', 3, '2020-01-29'),
(2503, 'CITIL/16-17/P-581', '2017-02-07', 18, 'CQ891A', 'HP Designjet T120 Printer', 'CN6988M03B', 1, 16, '1602755/WH', '2017-01-27', 3, '2020-01-26'),
(2504, ' - ', '2017-11-07', 11, '2PC92PA', 'HP 240 G6 Laptop', '5CD7315R1L', 1, 16, 'ITPL171802919', '2018-11-07', 1, '2019-11-06'),
(2505, '18190294', '2018-09-18', 30, 'T6B60A', 'HP Color LaserJet Pro M254dw', 'VNC7D00525', 1, 16, 'ITPL1819SEP0246', '2018-09-21', 1, '2019-09-20'),
(2506, '18190357', '2018-10-15', 31, 'CQ890C', 'HP DesignJet T520 24-IN ePrinter', 'CN82NFM0CN', 1, 16, 'ITPL1819OCT0328', '2018-10-12', 1, '2019-10-11'),
(2507, '18190371', '2019-10-24', 1, 'CZ175A', 'HP LASERJET PRO 100 MFP M126nw Printer', 'CNBKL8L51N', 1, 16, 'ITPL1819OCT0537', '2018-10-19', 1, '2019-10-18'),
(2508, '18190371', '2019-10-24', 1, 'CZ175A', 'HP LASERJET PRO 100 MFP M126nw Printer', 'CNBKL8L8HP', 1, 16, 'ITPL1819OCT0537', '2018-10-19', 1, '2019-10-18'),
(2509, '18190375', '2018-10-26', 25, 'G3Q47A', 'HP LASERJET PRO M203dw Printer', 'VNF3601015', 1, 16, 'ITPL1819OCT0593', '2018-10-22', 1, '2019-10-21'),
(2510, '18190544', '2019-01-28', 60, 'CZ175A', 'HP LASERJET PRO MFP M126nw PRINTER', 'CNBKL8Y9QQ', 1, 16, 'ITPL1819JAN0598', '2019-01-28', 1, '2020-01-27'),
(2511, '18190630', '2019-03-11', 31, 'G3Q74A', 'HP LASERJET PRO MFP M227SDN PRINTER', 'VNF3J01083', 1, 16, 'ITPL1819MAR0171', '2019-03-08', 1, '2020-03-06'),
(2514, 'CITIL/2014-15/T-0335', '2015-03-09', 45, '914VF62MH', 'HP DL 380 Gen9 Server', '-', 1, 1, '-', '2015-03-06', 5, '2020-03-05'),
(2517, 'CITIL/16-17/P350', '2016-10-14', 9, 'SVR02487', 'HP DL380 Gen9 8SFF CTO Server', 'SGH639VN86', 1, 15, '6766020751', '2016-10-14', 1, '2019-10-13'),
(2518, 'CITIL/16-17/P350', '2016-10-14', 9, 'SVR02487', 'HP DL380 Gen9 8SFF CTO Server', 'SGH639VN88', 1, 15, '6766020751', '2016-10-14', 1, '2019-10-13'),
(2520, 'CITIL/16-17/P389', '2016-10-27', 48, 'SVR02527', 'HP DL380 Gen9 8SFF CTO Server', 'SGH640WFYJ', 1, 15, '6766020866', '2016-10-26', 1, '2019-10-25'),
(2522, 'CITIL/16-17/P488', '2016-12-21', 19, 'SVR02806', 'HP Dl 360 Gen9 4LFF Serber', 'SGH649XFNC', 1, 15, '6766021135', '2016-12-20', 3, '2019-12-19'),
(2523, 'CITIL/17-18/P-091', '2017-06-05', 7, '719064-B21', 'HP DL 380 Gen 9 CTO Server', 'SGH720WDD5', 1, 15, '6766021471', '2017-05-31', 3, '2020-05-29'),
(2524, 'CITIL/17-18/P-091', '2017-06-05', 7, '719064-B21', 'HP DL 380 Gen 9 CTO Server', 'SGH720WDD7', 1, 15, '6766021471', '2017-05-31', 3, '2020-05-29'),
(2525, '18190335', '2018-10-03', 49, 'DB55E', 'SAMSUNG 55\" LFD', '0A78HPCK700030', 1, 14, 'DTPL//18-19/2641', '2018-09-26', 1, '2019-09-25'),
(2526, '18190335', '2018-10-03', 49, 'DB55E', 'SAMSUNG 55\" LFD', '0A78HPCK700057', 1, 14, 'DTPL//18-19/2641', '2018-09-26', 1, '2019-09-25'),
(2528, 'CITIL/16-17/P254', '2016-08-25', 4, '3620', '13 Precision Workstation', '553C9F2', 1, 13, '8040981105', '2016-08-20', 3, '2019-08-19'),
(2537, 'CITIL/16-17/P321', '2016-10-03', 4, 'E3570', '13 Latitude Laptop', '5BHN2C2', 1, 13, '9090058312', '2016-09-28', 1, '2019-09-27'),
(2538, 'CITIL/16-17/P321', '2016-10-03', 4, 'E3570', '13 Latitude Laptop', '4BHN2C2', 1, 13, '9090058312', '2016-09-28', 1, '2019-09-27'),
(2539, 'CITIL/16-17/P321', '2016-10-03', 4, 'E3570', '13 Latitude Laptop', 'CBHN2C2', 1, 13, '9090058312', '2016-09-28', 1, '2019-09-27'),
(2540, 'CITIL/16-17/P321', '2016-10-03', 4, 'E3570', '13 Latitude Laptop', '9BHN2C2', 1, 13, '9090058312', '2016-09-28', 1, '2019-09-27'),
(2541, 'CITIL/16-17/P321', '2016-10-03', 4, 'E3570', '13 Latitude Laptop', '8BHN2C2', 1, 13, '9090058312', '2016-09-28', 1, '2019-09-27'),
(2542, 'CITIL/16-17/P321', '2016-10-03', 4, 'E3570', '13 Latitude Laptop', '7BHN2C2', 1, 13, '9090058312', '2016-09-28', 1, '2019-09-27'),
(2543, 'CITIL/16-17/P321', '2016-10-03', 4, 'E3570', '13 Latitude Laptop', '6BHN2C2', 1, 13, '9090058312', '2016-09-28', 1, '2019-09-27'),
(2544, 'CITIL/16-17/P321', '2016-10-03', 4, 'E3570', '13 Latitude Laptop', 'BBHN2C2', 1, 13, '9090058312', '2016-09-28', 1, '2019-09-27'),
(2580, 'CITIL/16-17/P344', '2016-10-13', 4, '7040', '13 Optiplex SFF Desktop', 'DP799F2', 1, 13, '8040989593', '2016-10-04', 3, '2019-10-03'),
(2581, 'CITIL/16-17/P344', '2016-10-13', 4, '7040', '13 Optiplex SFF Desktop', 'DP789F2', 1, 13, '8040989593', '2016-10-04', 3, '2019-10-03'),
(2582, 'CITIL/16-17/P344', '2016-10-13', 4, '7040', '13 Optiplex SFF Desktop', 'DP7D9F2', 1, 13, '8040989593', '2016-10-04', 3, '2019-10-03'),
(2583, 'CITIL/16-17/P344', '2016-10-13', 4, '7040', '13 Optiplex SFF Desktop', 'DP7C9F2', 1, 13, '8040989593', '2016-10-04', 3, '2019-10-03'),
(2584, 'CITIL/16-17/P344', '2016-10-13', 4, '7040', '13 Optiplex SFF Desktop', 'DP7B9F2', 1, 13, '8040989593', '2016-10-04', 3, '2019-10-03'),
(2585, 'CITIL/16-17/P346', '2016-10-13', 48, '3046', '13 Optiplex Mini Tower Desktop', 'FST89F2', 1, 13, '8040990424', '2016-10-07', 3, '2019-10-06'),
(2586, 'CITIL/16-17/P346', '2016-10-13', 48, '3046', '13 Optiplex Mini Tower Desktop', 'FSQ89F2', 1, 13, '8040990424', '2016-10-07', 3, '2019-10-06'),
(2587, 'CITIL/16-17/P346', '2016-10-13', 48, '3046', '13 Optiplex Mini Tower Desktop', 'FSRD9F2', 1, 13, '8040990424', '2016-10-07', 3, '2019-10-06'),
(2588, 'CITIL/16-17/P346', '2016-10-13', 48, '3046', '13 Optiplex Mini Tower Desktop', 'FSS99F2', 1, 13, '8040990424', '2016-10-07', 3, '2019-10-06'),
(2589, 'CITIL/16-17/P346', '2016-10-13', 48, '3046', '13 Optiplex Mini Tower Desktop', 'FSWF9F2', 1, 13, '8040990424', '2016-10-07', 3, '2019-10-06'),
(2590, 'CITIL/16-17/P346', '2016-10-13', 48, '3046', '13 Optiplex Mini Tower Desktop', 'FSQD9F2', 1, 13, '8040990424', '2016-10-07', 3, '2019-10-06'),
(2591, 'CITIL/16-17/P346', '2016-10-13', 48, '3046', '13 Optiplex Mini Tower Desktop', 'FSM89F2', 1, 13, '8040990424', '2016-10-07', 3, '2019-10-06'),
(2592, 'CITIL/16-17/P346', '2016-10-13', 48, '3046', '13 Optiplex Mini Tower Desktop', 'FSN99F2', 1, 13, '8040990424', '2016-10-07', 3, '2019-10-06'),
(2593, 'CITIL/16-17/P346', '2016-10-13', 48, '3046', '13 Optiplex Mini Tower Desktop', 'FSTG9F2', 1, 13, '8040990424', '2016-10-07', 3, '2019-10-06'),
(2594, 'CITIL/16-17/P346', '2016-10-13', 48, '3046', '13 Optiplex Mini Tower Desktop', 'FSPB9F2', 1, 13, '8040990424', '2016-10-07', 3, '2019-10-06'),
(2595, 'CITIL/16-17/P346', '2016-10-13', 48, 'P016', '19.5\" TFT Monitor', 'CN-0XP62T-74621-68G-0DPL', 1, 13, '8040990424', '2016-10-07', 3, '2019-10-06'),
(2596, 'CITIL/16-17/P346', '2016-10-13', 48, 'P016', '19.5\" TFT Monitor', 'CN-0XP62T-74621-68G-0DRL', 1, 13, '8040990424', '2016-10-07', 3, '2019-10-06'),
(2597, 'CITIL/16-17/P346', '2016-10-13', 48, 'P016', '19.5\" TFT Monitor', 'CN-0XP62T-74621-68G-0DML', 1, 13, '8040990424', '2016-10-07', 3, '2019-10-06'),
(2598, 'CITIL/16-17/P346', '2016-10-13', 48, 'P016', '19.5\" TFT Monitor', 'CN-0XP62T-74621-68G-0DDL', 1, 13, '8040990424', '2016-10-07', 3, '2019-10-06'),
(2599, 'CITIL/16-17/P346', '2016-10-13', 48, 'P016', '19.5\" TFT Monitor', 'CN-0XP62T-74621-68G-0CLL', 1, 13, '8040990424', '2016-10-07', 3, '2019-10-06'),
(2600, 'CITIL/16-17/P346', '2016-10-13', 48, 'P016', '19.5\" TFT Monitor', 'CN-0CG5RJ-64180-64G-05NT', 1, 13, '8040990424', '2016-10-07', 3, '2019-10-06'),
(2601, 'CITIL/16-17/P346', '2016-10-13', 48, 'P016', '19.5\" TFT Monitor', 'CN-0CG5RJ-64180-64G-00TT', 1, 13, '8040990424', '2016-10-07', 3, '2019-10-06'),
(2602, 'CITIL/16-17/P346', '2016-10-13', 48, 'P016', '19.5\" TFT Monitor', 'CN-0CG5RJ-64180-64G-00FT', 1, 13, '8040990424', '2016-10-07', 3, '2019-10-06'),
(2603, 'CITIL/16-17/P346', '2016-10-13', 48, 'P016', '19.5\" TFT Monitor', 'CN-0CG5RJ-64180-64G-00QT', 1, 13, '8040990424', '2016-10-07', 3, '2019-10-06'),
(2604, 'CITIL/16-17/P346', '2016-10-13', 48, 'P016', '19.5\" TFT Monitor', 'CN-0CG5RJ-64180-64G-05PT', 1, 13, '8040990424', '2016-10-07', 3, '2019-10-06'),
(2605, 'CITIL/16-17/P346', '2016-10-13', 48, 'P016', '19.5\" TFT Monitor', 'CN-0XP62T-74261-68G-0DWL', 1, 13, '8040990424', '2016-10-07', 3, '2019-10-06'),
(2606, 'CITIL/16-17/P346', '2016-10-13', 48, 'P016', '19.5\" TFT Monitor', 'CN-0XP62T-74261-68G-00NT', 1, 13, '8040990424', '2016-10-07', 3, '2019-10-06'),
(2607, 'CITIL/16-17/P346', '2016-10-13', 48, 'P016', '19.5\" TFT Monitor', 'CN-0XP62T-74621-68G-0DKL', 1, 13, '8040990424', '2016-10-07', 3, '2019-10-06'),
(2608, 'CITIL/16-17/P346', '2016-10-13', 48, 'P016', '19.5\" TFT Monitor', 'CN-0CG5RJ-64180-64G-00ST', 1, 13, '8040990424', '2016-10-07', 3, '2019-10-06'),
(2609, 'CITIL/16-17/P346', '2016-10-13', 48, 'P016', '19.5\" TFT Monitor', 'CN-0CG5RJ-64100-64G-00RT', 1, 13, '8040990424', '2016-10-07', 3, '2019-10-06'),
(2610, 'CITIL/16-17/P346', '2016-10-13', 48, 'P016', '19.5\" TFT Monitor', 'CN-0XP62T-74261-68G-0DLL', 1, 13, '8040990424', '2016-10-07', 3, '2019-10-06'),
(2611, 'CITIL/16-17/P346', '2016-10-13', 48, 'P016', '19.5\" TFT Monitor', 'CN-0CG5RJ-64180-64G-00MT', 1, 13, '8040990424', '2016-10-07', 3, '2019-10-06'),
(2612, 'CITIL/16-17/P346', '2016-10-13', 48, 'P016', '19.5\" TFT Monitor', 'CN-0CG5RJ-64180-64G-05MT', 1, 13, '8040990424', '2016-10-07', 3, '2019-10-06'),
(2613, 'CITIL/16-17/P346', '2016-10-13', 48, 'P016', '19.5\" TFT Monitor', 'CN-0Xp62T-74261-68G-0DHL', 1, 13, '8040990424', '2016-10-07', 3, '2019-10-06'),
(2614, 'CITIL/16-17/P346', '2016-10-13', 48, 'P016', '19.5\" TFT Monitor', 'CN-0XP62T-74261-68G-0DGL', 1, 13, '8040990424', '2016-10-07', 3, '2019-10-06'),
(2645, 'CITIL/16-17/P381', '2016-10-25', 4, '7040', '13 Optiplex Desktop', 'HLKC152', 1, 13, '8040992222', '2016-10-18', 1, '2019-10-17'),
(2646, 'CITIL/16-17/P381', '2016-10-25', 4, '7040', '13 Optiplex Desktop', 'HLJXXC2', 1, 13, '8040992222', '2016-10-18', 1, '2019-10-17'),
(2647, 'CITIL/16-17/P381', '2016-10-25', 4, '7040', '13 Optiplex Desktop', 'HLK1T72', 1, 13, '8040992222', '2016-10-18', 1, '2019-10-17'),
(2648, 'CITIL/16-17/P381', '2016-10-25', 4, '7040', '13 Optiplex Desktop', 'HLJSX52', 1, 13, '8040992222', '2016-10-18', 1, '2019-10-17'),
(2649, 'CITIL/16-17/P381', '2016-10-25', 4, '7040', '13 Optiplex Desktop', 'HLK8H92', 1, 13, '8040992222', '2016-10-18', 1, '2019-10-17'),
(2650, 'CITIL/16-17/P381', '2016-10-25', 4, '7040', '13 Optiplex Desktop', 'HLKB9F2', 1, 13, '8040992222', '2016-10-18', 1, '2019-10-17'),
(2651, 'CITIL/16-17/P381', '2016-10-25', 4, '7040', '13 Optiplex Desktop', 'HLK4N62', 1, 13, '8040992222', '2016-10-18', 1, '2019-10-17'),
(2652, 'CITIL/16-17/P381', '2016-10-25', 4, '7040', '13 Optiplex Desktop', 'HLK6N62', 1, 13, '8040992222', '2016-10-18', 1, '2019-10-17'),
(2653, 'CITIL/16-17/P381', '2016-10-25', 4, '7040', '13 Optiplex Desktop', 'HLKCH92', 1, 13, '8040992222', '2016-10-18', 1, '2019-10-17'),
(2654, 'CITIL/16-17/P381', '2016-10-25', 4, '7040', '13 Optiplex Desktop', 'HLK9T72', 1, 13, '8040992222', '2016-10-18', 1, '2019-10-17'),
(2655, 'CITIL/16-17/P381', '2016-10-25', 4, '7040', '13 Optiplex Desktop', 'HLJT6C2', 1, 13, '8040992222', '2016-10-18', 1, '2019-10-17'),
(2656, 'CITIL/16-17/P381', '2016-10-25', 4, '7040', '13 Optiplex Desktop', 'HLK89F2', 1, 13, '8040992222', '2016-10-18', 1, '2019-10-17'),
(2657, 'CITIL/16-17/P381', '2016-10-25', 4, '7040', '13 Optiplex Desktop', 'HLK7T72', 1, 13, '8040992222', '2016-10-18', 1, '2019-10-17'),
(2658, 'CITIL/16-17/P381', '2016-10-25', 4, '7040', '13 Optiplex Desktop', 'HLKBH92', 1, 13, '8040992222', '2016-10-18', 1, '2019-10-17'),
(2659, 'CITIL/16-17/P381', '2016-10-25', 4, '7040', '13 Optiplex Desktop', 'HLK79F2', 1, 13, '8040992222', '2016-10-18', 1, '2019-10-17'),
(2660, 'CITIL/16-17/P381', '2016-10-25', 4, '7040', '13 Optiplex Desktop', 'HLJRFD2', 1, 13, '8040992222', '2016-10-18', 1, '2019-10-17'),
(2661, 'CITIL/16-17/P381', '2016-10-25', 4, '7040', '13 Optiplex Desktop', 'HLKC9F2', 1, 13, '8040992222', '2016-10-18', 1, '2019-10-17'),
(2662, 'CITIL/16-17/P381', '2016-10-25', 4, '7040', '13 Optiplex Desktop', 'HLJYXC2', 1, 13, '8040992222', '2016-10-18', 1, '2019-10-17'),
(2663, 'CITIL/16-17/P381', '2016-10-25', 4, '7040', '13 Optiplex Desktop', 'HLJVXC2', 1, 13, '8040992222', '2016-10-18', 1, '2019-10-17'),
(2664, 'CITIL/16-17/P381', '2016-10-25', 4, '7040', '13 Optiplex Desktop', 'HLK5N62', 1, 13, '8040992222', '2016-10-18', 1, '2019-10-17'),
(2665, 'CITIL/16-17/P381', '2016-10-25', 4, '7040', '13 Optiplex Desktop', 'HLK0YC2', 1, 13, '8040992222', '2016-10-18', 1, '2019-10-17'),
(2666, 'CITIL/16-17/P381', '2016-10-25', 4, '7040', '13 Optiplex Desktop', 'HLJQ882', 1, 13, '8040992222', '2016-10-18', 1, '2019-10-17'),
(2667, 'CITIL/16-17/P381', '2016-10-25', 4, '7040', '13 Optiplex Desktop', 'HLK8T72', 1, 13, '8040992222', '2016-10-18', 1, '2019-10-17'),
(2668, 'CITIL/16-17/P381', '2016-10-25', 4, '7040', '13 Optiplex Desktop', 'HLK2N62', 1, 13, '8040992222', '2016-10-18', 1, '2019-10-17'),
(2669, 'CITIL/16-17/P381', '2016-10-25', 4, '7040', '13 Optiplex Desktop', 'HLK8N62', 1, 13, '8040992222', '2016-10-18', 1, '2019-10-17'),
(2670, 'CITIL/16-17/P381', '2016-10-25', 4, '7040', '13 Optiplex Desktop', 'HLK3N62', 1, 13, '8040992222', '2016-10-18', 1, '2019-10-17'),
(2671, 'CITIL/16-17/P381', '2016-10-25', 4, '7040', '13 Optiplex Desktop', 'HLK99F2', 1, 13, '8040992222', '2016-10-18', 1, '2019-10-17'),
(2672, 'CITIL/16-17/P381', '2016-10-25', 4, '7040', '13 Optiplex Desktop', 'HLJZXC2', 1, 13, '8040992222', '2016-10-18', 1, '2019-10-17'),
(2673, 'CITIL/16-17/P381', '2016-10-25', 4, '7040', '13 Optiplex Desktop', 'HLJTXC2', 1, 13, '8040992222', '2016-10-18', 1, '2019-10-17'),
(2674, 'CITIL/16-17/P381', '2016-10-25', 4, '7040', '13 Optiplex Desktop', 'HLJWXC2', 1, 13, '8040992222', '2016-10-18', 1, '2019-10-17'),
(2683, 'CITIL/16-17/T-54', '2017-01-16', 37, 'T7910', '13 Precision Workstation', 'B2L51H2', 1, 13, '9090062549', '2017-01-12', 3, '2020-01-11'),
(2684, 'CITIL/16-17/T-54', '2017-01-16', 37, 'T7910', '13 Precision Workstation', 'B2F91H2', 1, 13, '9090062549', '2017-01-12', 3, '2020-01-11'),
(2685, 'CITIL/16-17/T-54', '2017-01-16', 37, 'T7910', '13 Precision Workstation', 'B2J71H2', 1, 13, '9090062549', '2017-01-12', 3, '2020-01-11'),
(2686, 'CITIL/16-17/T-54', '2017-01-16', 37, 'T7910', '13 Precision Workstation', 'B2H71H2', 1, 13, '9090062549', '2017-01-12', 3, '2020-01-11'),
(2687, 'CITIL/16-17/T-54', '2017-01-16', 37, 'UP2516D', '25\" Monitor', '895DDF2', 1, 13, '909002653', '2017-01-12', 3, '2020-01-11'),
(2688, 'CITIL/16-17/T-54', '2017-01-16', 37, 'UP2516D', '25\" Monitor', '695DDF2', 1, 13, '909002653', '2017-01-12', 3, '2020-01-11'),
(2689, 'CITIL/16-17/T-54', '2017-01-16', 37, 'UP2516D', '25\" Monitor', 'C95DDF2', 1, 13, '909002653', '2017-01-12', 3, '2020-01-11'),
(2690, 'CITIL/16-17/T-54', '2017-01-16', 37, 'UP2516D', '25\" Monitor', '495DDF2', 1, 13, '909002653', '2017-01-12', 3, '2020-01-11'),
(2691, 'CITIL/16-17/P619', '2017-03-06', 4, '7510', '13 Mobile Workstation', '334CXF2', 1, 13, '9090065082', '2017-03-03', 3, '2020-03-01'),
(2692, 'CITIL/17-18/P034', '2017-04-25', 52, '5810', '13 Precision Tower Workstation', '54DQXJ2', 1, 13, '8041025680', '2017-04-18', 3, '2020-04-14'),
(2693, 'CITIL/17-18/P098', '2017-06-12', 48, '3580', '13 Latitude Notebook', '5LMM7F2', 1, 13, '9090069090', '2017-06-09', 3, '2020-06-07'),
(2694, 'CITIL/17-18/P098', '2017-06-12', 48, '3580', '13 Latitude Notebook', '9LMM7F2', 1, 13, '9090069090', '2017-06-09', 3, '2020-06-07'),
(2695, 'CITIL/17-18/P098', '2017-06-12', 48, '3580', '13 Latitude Notebook', '8LMM7F2', 1, 13, '9090069090', '2017-06-09', 3, '2020-06-07'),
(2696, 'CITIL/17-18/P098', '2017-06-12', 48, '3580', '13 Latitude Notebook', '7LMM7F2', 1, 13, '9090069090', '2017-06-09', 3, '2020-06-07'),
(2697, 'CITIL/17-18/P098', '2017-06-12', 48, '3580', '13 Latitude Notebook', '6LMM7F2', 1, 13, '9090069090', '2017-06-09', 3, '2020-06-07'),
(2698, 'CITIL/17-18/P109', '2017-06-20', 36, '3520', '13 Mobile Precision Laptop', '6TPF5H2', 1, 13, '9090069410', '2017-06-16', 3, '2020-06-14'),
(2699, 'CITIL/17-18/P109', '2017-06-20', 36, '3520', '13 Mobile Precision Laptop', 'JLNF5H2', 1, 13, '9090069410', '2017-06-16', 3, '2020-06-14'),
(2700, 'CITIL/17-18/P109', '2017-06-20', 36, '3520', '13 Mobile Precision Laptop', '7XLB5H2', 1, 13, '9090069410', '2017-06-16', 3, '2020-06-14'),
(2702, '17180294', '2017-12-14', 50, ' - ', '500GB Seagate Sata HDD', '6VV3YBQL', 1, 12, 'H18-044835', '2017-12-13', 2, '2019-12-11'),
(2703, '18190258', '2018-08-28', 29, ' - ', 'SEAGATE 2TB EXPANSION SLIM EXT. HDD', 'NAA2C66V', 1, 11, 'H19-049938', '2018-08-27', 1, '2019-08-26'),
(2704, '18190079', '2018-05-07', 38, ' - ', 'AGM VRLA 12V  26Ah BATTERY', '18B02600752', 1, 10, '1003131952', '2018-04-19', 2, '2020-04-17'),
(2705, '18190079', '2018-05-07', 38, ' - ', 'AGM VRLA 12V  26Ah BATTERY', '18B02601428', 1, 10, '1003131952', '2018-04-19', 2, '2020-04-17'),
(2706, '18190079', '2018-05-07', 38, ' - ', 'AGM VRLA 12V  26Ah BATTERY', '18B02601433', 1, 10, '1003131952', '2018-04-19', 2, '2020-04-17'),
(2707, '18190079', '2018-05-07', 38, ' - ', 'AGM VRLA 12V  26Ah BATTERY', '18B02601438', 1, 10, '1003131952', '2018-04-19', 2, '2020-04-17'),
(2708, '18190079', '2018-05-07', 38, ' - ', 'AGM VRLA 12V  26Ah BATTERY', '18B02601443', 1, 10, '1003131952', '2018-04-19', 2, '2020-04-17'),
(2709, '18190079', '2018-05-07', 38, ' - ', 'AGM VRLA 12V  26Ah BATTERY', '18B02601447', 1, 10, '1003131952', '2018-04-19', 2, '2020-04-17'),
(2710, '18190079', '2018-05-07', 38, ' - ', 'AGM VRLA 12V  26Ah BATTERY', '18B02601551', 1, 10, '1003131952', '2018-04-19', 2, '2020-04-17'),
(2711, '18190079', '2018-05-07', 38, ' - ', 'AGM VRLA 12V  26Ah BATTERY', '18B02601561', 1, 10, '1003131952', '2018-04-19', 2, '2020-04-17'),
(2712, '18190079', '2018-05-07', 38, ' - ', 'AGM VRLA 12V  26Ah BATTERY', '18B02601578', 1, 10, '1003131952', '2018-04-19', 2, '2020-04-17'),
(2713, '18190079', '2018-05-07', 38, ' - ', 'AGM VRLA 12V  26Ah BATTERY', '18B02601579', 1, 10, '1003131952', '2018-04-19', 2, '2020-04-17'),
(2714, '18190079', '2018-05-07', 38, ' - ', 'AGM VRLA 12V  26Ah BATTERY', '18B02601580', 1, 10, '1003131952', '2018-04-19', 2, '2020-04-17'),
(2715, '18190079', '2018-05-07', 38, ' - ', 'AGM VRLA 12V  26Ah BATTERY', '18B02601581', 1, 10, '1003131952', '2018-04-19', 2, '2020-04-17'),
(2716, '18190079', '2018-05-07', 38, ' - ', 'AGM VRLA 12V  26Ah BATTERY', '18B02601582', 1, 10, '1003131952', '2018-04-19', 2, '2020-04-17'),
(2717, '18190079', '2018-05-07', 38, ' - ', 'AGM VRLA 12V  26Ah BATTERY', '18B02601583', 1, 10, '1003131952', '2018-04-19', 2, '2020-04-17'),
(2718, '18190079', '2018-05-07', 38, ' - ', 'AGM VRLA 12V  26Ah BATTERY', '18B02601584', 1, 10, '1003131952', '2018-04-19', 2, '2020-04-17'),
(2719, '18190079', '2018-05-07', 38, ' - ', 'AGM VRLA 12V  26Ah BATTERY', '18B02601585', 1, 10, '1003131952', '2018-04-19', 2, '2020-04-17'),
(2720, '18190079', '2018-05-07', 38, ' - ', 'AGM VRLA 12V  26Ah BATTERY', '18B02601586', 1, 10, '1003131952', '2018-04-19', 2, '2020-04-17'),
(2721, '18190079', '2018-05-07', 38, ' - ', 'AGM VRLA 12V  26Ah BATTERY', '18B02601587', 1, 10, '1003131952', '2018-04-19', 2, '2020-04-17'),
(2722, '18190079', '2018-05-07', 38, ' - ', 'AGM VRLA 12V  26Ah BATTERY', '18B02601588', 1, 10, '1003131952', '2018-04-19', 2, '2020-04-17'),
(2723, '18190079', '2018-05-07', 38, ' - ', 'AGM VRLA 12V  26Ah BATTERY', '18B02601589', 1, 10, '1003131952', '2018-04-19', 2, '2020-04-17'),
(2724, '18190079', '2018-05-07', 38, ' - ', 'AGM VRLA 12V  26Ah BATTERY', '18B02601590', 1, 10, '1003131952', '2018-04-19', 2, '2020-04-17'),
(2725, '18190079', '2018-05-07', 38, ' - ', 'AGM VRLA 12V  26Ah BATTERY', '18B02601591', 1, 10, '1003131952', '2018-04-19', 2, '2020-04-17'),
(2726, '18190079', '2018-05-07', 38, ' - ', 'AGM VRLA 12V  26Ah BATTERY', '18B02601592', 1, 10, '1003131952', '2018-04-19', 2, '2020-04-17'),
(2727, '18190079', '2018-05-07', 38, ' - ', 'AGM VRLA 12V  26Ah BATTERY', '18B02601594', 1, 10, '1003131952', '2018-04-19', 2, '2020-04-17'),
(2728, '18190079', '2018-05-07', 38, ' - ', 'AGM VRLA 12V  26Ah BATTERY', '18B02601595', 1, 10, '1003131952', '2018-04-19', 2, '2020-04-17'),
(2729, '18190079', '2018-05-07', 38, ' - ', 'AGM VRLA 12V  26Ah BATTERY', '18B02601597', 1, 10, '1003131952', '2018-04-19', 2, '2020-04-17'),
(2730, '18190079', '2018-05-07', 38, ' - ', 'AGM VRLA 12V  26Ah BATTERY', '18B02601598', 1, 10, '1003131952', '2018-04-19', 2, '2020-04-17'),
(2731, '18190079', '2018-05-07', 38, ' - ', 'AGM VRLA 12V  26Ah BATTERY', '18B02601599', 1, 10, '1003131952', '2018-04-19', 2, '2020-04-17'),
(2732, '18190079', '2018-05-07', 38, ' - ', 'AGM VRLA 12V  26Ah BATTERY', '18B02601600', 1, 10, '1003131952', '2018-04-19', 2, '2020-04-17'),
(2733, '18190079', '2018-05-07', 38, ' - ', 'AGM VRLA 12V  26Ah BATTERY', '18B02601601', 1, 10, '1003131952', '2018-04-19', 2, '2020-04-17'),
(2734, '18190079', '2018-05-07', 38, ' - ', 'AGM VRLA 12V  26Ah BATTERY', '18B02601602', 1, 10, '1003131952', '2018-04-19', 2, '2020-04-17'),
(2735, '18190079', '2018-05-07', 38, ' - ', 'AGM VRLA 12V  26Ah BATTERY', '18C02600140', 1, 10, '1003131952', '2018-04-19', 2, '2020-04-17'),
(2736, '18190079', '2018-05-07', 38, ' - ', 'AGM VRLA 12V  42Ah BATTERY', '18B04200260', 1, 10, '1003131952', '2018-04-19', 2, '2020-04-17'),
(2737, '18190079', '2018-05-07', 38, ' - ', 'AGM VRLA 12V  42Ah BATTERY', '18B04200276', 1, 10, '1003131952', '2018-04-19', 2, '2020-04-17'),
(2738, '18190079', '2018-05-07', 38, ' - ', 'AGM VRLA 12V  42Ah BATTERY', '18B04200289', 1, 10, '1003131952', '2018-04-19', 2, '2020-04-17'),
(2739, '18190079', '2018-05-07', 38, ' - ', 'AGM VRLA 12V  42Ah BATTERY', '18B04200315', 1, 10, '1003131952', '2018-04-19', 2, '2020-04-17'),
(2740, '18190079', '2018-05-07', 38, ' - ', 'AGM VRLA 12V  42Ah BATTERY', '18B04200317', 1, 10, '1003131952', '2018-04-19', 2, '2020-04-17'),
(2741, '18190079', '2018-05-07', 38, ' - ', 'AGM VRLA 12V  42Ah BATTERY', '18B04200326', 1, 10, '1003131952', '2018-04-19', 2, '2020-04-17'),
(2742, '18190079', '2018-05-07', 38, ' - ', 'AGM VRLA 12V  42Ah BATTERY', '18B04200327', 1, 10, '1003131952', '2018-04-19', 2, '2020-04-17'),
(2743, '18190079', '2018-05-07', 38, ' - ', 'AGM VRLA 12V  42Ah BATTERY', '18B04200328', 1, 10, '1003131952', '2018-04-19', 2, '2020-04-17'),
(2744, '18190079', '2018-05-07', 38, ' - ', 'AGM VRLA 12V  42Ah BATTERY', '18B04200339', 1, 10, '1003131952', '2018-04-19', 2, '2020-04-17'),
(2745, '18190079', '2018-05-07', 38, ' - ', 'AGM VRLA 12V  42Ah BATTERY', '18B04200340', 1, 10, '1003131952', '2018-04-19', 2, '2020-04-17'),
(2746, '18190079', '2018-05-07', 38, ' - ', 'AGM VRLA 12V  42Ah BATTERY', '18B04200341', 1, 10, '1003131952', '2018-04-19', 2, '2020-04-17'),
(2747, '18190079', '2018-05-07', 38, ' - ', 'AGM VRLA 12V  42Ah BATTERY', '18B04200342', 1, 10, '1003131952', '2018-04-19', 2, '2020-04-17'),
(2748, '18190079', '2018-05-07', 38, ' - ', 'AGM VRLA 12V  42Ah BATTERY', '18B04200343', 1, 10, '1003131952', '2018-04-19', 2, '2020-04-17'),
(2749, '18190079', '2018-05-07', 38, ' - ', 'AGM VRLA 12V  42Ah BATTERY', '18B04200344', 1, 10, '1003131952', '2018-04-19', 2, '2020-04-17'),
(2750, '18190079', '2018-05-07', 38, ' - ', 'AGM VRLA 12V  42Ah BATTERY', '18B04200346', 1, 10, '1003131952', '2018-04-19', 2, '2020-04-17'),
(2751, '18190079', '2018-05-07', 38, ' - ', 'AGM VRLA 12V  42Ah BATTERY', '18B04200347', 1, 10, '1003131952', '2018-04-19', 2, '2020-04-17'),
(2752, '18190079', '2018-05-07', 38, ' - ', 'AGM VRLA 12V  42Ah BATTERY', '18B04200390', 1, 10, '1003131952', '2018-04-19', 2, '2020-04-17'),
(2753, '18190079', '2018-05-07', 38, ' - ', 'AGM VRLA 12V  42Ah BATTERY', '18B04200391', 1, 10, '1003131952', '2018-04-19', 2, '2020-04-17'),
(2754, '18190079', '2018-05-07', 38, ' - ', 'AGM VRLA 12V  42Ah BATTERY', '18B04200392', 1, 10, '1003131952', '2018-04-19', 2, '2020-04-17'),
(2755, '18190079', '2018-05-07', 38, ' - ', 'AGM VRLA 12V  42Ah BATTERY', '18B04200393', 1, 10, '1003131952', '2018-04-19', 2, '2020-04-17'),
(2756, '18190079', '2018-05-07', 38, ' - ', 'AGM VRLA 12V  42Ah BATTERY', '18B04200394', 1, 10, '1003131952', '2018-04-19', 2, '2020-04-17'),
(2757, '18190079', '2018-05-07', 38, ' - ', 'AGM VRLA 12V  42Ah BATTERY', '18B04200395', 1, 10, '1003131952', '2018-04-19', 2, '2020-04-17'),
(2758, '18190079', '2018-05-07', 38, ' - ', 'AGM VRLA 12V  42Ah BATTERY', '18B04200396', 1, 10, '1003131952', '2018-04-19', 2, '2020-04-17'),
(2759, '18190079', '2018-05-07', 38, ' - ', 'AGM VRLA 12V  42Ah BATTERY', '18B04200397', 1, 10, '1003131952', '2018-04-19', 2, '2020-04-17'),
(2760, '18190079', '2018-05-07', 38, ' - ', 'AGM VRLA 12V  42Ah BATTERY', '18B04200398', 1, 10, '1003131952', '2018-04-19', 2, '2020-04-17'),
(2761, '18190079', '2018-05-07', 38, ' - ', 'AGM VRLA 12V  42Ah BATTERY', '18B04200399', 1, 10, '1003131952', '2018-04-19', 2, '2020-04-17'),
(2762, '18190079', '2018-05-07', 38, ' - ', 'AGM VRLA 12V  42Ah BATTERY', '18B04200400', 1, 10, '1003131952', '2018-04-19', 2, '2020-04-17'),
(2763, '18190079', '2018-05-07', 38, ' - ', 'AGM VRLA 12V  42Ah BATTERY', '18B04200401', 1, 10, '1003131952', '2018-04-19', 2, '2020-04-17'),
(2764, '18190079', '2018-05-07', 38, ' - ', 'AGM VRLA 12V  42Ah BATTERY', '18B04200402', 1, 10, '1003131952', '2018-04-19', 2, '2020-04-17'),
(2765, '18190079', '2018-05-07', 38, ' - ', 'AGM VRLA 12V  42Ah BATTERY', '18B04200403', 1, 10, '1003131952', '2018-04-19', 2, '2020-04-17'),
(2766, '18190079', '2018-05-07', 38, ' - ', 'AGM VRLA 12V  42Ah BATTERY', '18B04200404', 1, 10, '1003131952', '2018-04-19', 2, '2020-04-17'),
(2767, '18190079', '2018-05-07', 38, ' - ', 'AGM VRLA 12V  42Ah BATTERY', '18B04200405', 1, 10, '1003131952', '2018-04-19', 2, '2020-04-17'),
(2768, '18190079', '2018-05-07', 38, ' - ', 'AGM VRLA 12V  42Ah BATTERY', '18B04200406', 1, 10, '1003131952', '2018-04-19', 2, '2020-04-17'),
(2769, '18190079', '2018-05-07', 38, ' - ', 'AGM VRLA 12V  42Ah BATTERY', '18B04200408', 1, 10, '1003131952', '2018-04-19', 2, '2020-04-17'),
(2770, '18190079', '2018-05-07', 38, ' - ', 'AGM VRLA 12V  42Ah BATTERY', '18B04200409', 1, 10, '1003131952', '2018-04-19', 2, '2020-04-17'),
(2771, '18190079', '2018-05-07', 38, ' - ', 'AGM VRLA 12V  42Ah BATTERY', '18B04200410', 1, 10, '1003131952', '2018-04-19', 2, '2020-04-17'),
(2772, '18190079', '2018-05-07', 38, ' - ', 'AGM VRLA 12V  42Ah BATTERY', '18B04200411', 1, 10, '1003131952', '2018-04-19', 2, '2020-04-17'),
(2773, '18190079', '2018-05-07', 38, ' - ', 'AGM VRLA 12V  42Ah BATTERY', '18B04200412', 1, 10, '1003131952', '2018-04-19', 2, '2020-04-17'),
(2774, '18190079', '2018-05-07', 38, ' - ', 'AGM VRLA 12V  42Ah BATTERY', '18B04200413', 1, 10, '1003131952', '2018-04-19', 2, '2020-04-17'),
(2775, '18190079', '2018-05-07', 38, ' - ', 'AGM VRLA 12V  42Ah BATTERY', '18B04200414', 1, 10, '1003131952', '2018-04-19', 2, '2020-04-17'),
(2776, '18190079', '2018-05-07', 38, 'GXT MT', 'EMERSON 10 KVA UPS', '8392L1703100042', 1, 10, '1003131955', '2018-04-19', 2, '2020-04-17'),
(2777, '18190079', '2018-05-07', 38, 'GXT MT', 'EMERSON 10 KVA UPS', '8392L1712100055', 1, 10, '1003131955', '2018-04-19', 2, '2020-04-17'),
(2778, '18190079', '2018-05-07', 38, 'GXT MT', 'EMERSON 6 KVA UPS', '836L1711100229', 1, 10, '1003131955', '2018-04-19', 2, '2020-04-17'),
(2779, '18190079', '2018-05-07', 38, 'GXT MT', 'EMERSON 6 KVA UPS', '836L1711100296', 1, 10, '1003131955', '2018-04-19', 2, '2020-04-17'),
(2780, '18190340', '2018-10-05', 24, 'GLC-SX-MMD', 'Cisco 1000BASE-SX SFP Transceiver Module ', 'SFNS22300J3F', 1, 10, '1003135135', '2018-10-05', 1, '2019-10-04'),
(2781, '18190340', '2018-10-05', 24, 'GLC-SX-MMD', 'Cisco 1000BASE-SX SFP Transceiver Module ', 'SFNS22300J3L', 1, 10, '1003135135', '2018-10-05', 1, '2019-10-04'),
(2782, '18190347', '2018-10-09', 49, 'WS-C3850-24XU-E', 'Cisco Catalyst 3850 Series Switch', 'SFCW2235C0NH', 1, 10, '1003135163', '2018-10-09', 1, '2019-10-08'),
(2783, '18190347', '2018-10-09', 49, 'WS-C3850-24XU-E', 'Cisco Catalyst 3850 Series Switch', 'SFOC2235X079', 1, 10, '1003135163', '2018-10-09', 1, '2019-10-08'),
(2784, '18190415', '2018-11-19', 41, 'PVDM3-128=', 'HIGH DENSITY PACKET VOICE DIGITAL SIGNAL PROCESSOR MODULE', 'FOC22343XBZ', 1, 10, '1802760490', '2018-11-16', 1, '2019-11-15'),
(2785, '18190507', '2019-01-09', 61, ' - ', 'CISCO C892FSP INTEGRATED ROUTER', 'SFGL224713N', 1, 10, '1003136665', '2019-01-07', 1, '2020-01-06'),
(2786, '18190675', '2019-03-28', 23, '450-AEES', 'Dell HBA Card', '2PHG9FCP007B20031A03', 1, 9, 'CCN1920/05/0959', '2019-05-16', 1, '2020-05-14'),
(2787, '18190675', '2019-03-28', 23, '450-AEES', 'Dell HBA Card', '2PHG9FCP007B2003GA03', 1, 9, 'CCN1920/05/0959', '2019-05-16', 1, '2020-05-14'),
(2788, '18190240', '2018-08-16', 3, '652749-B21-001', 'HP 1TB 6G SAS 7.2K 2.5\" HDD', '2BFVR023X8A55K', 1, 8, 'CC1819/08/0362', '2018-08-08', 1, '2019-08-07'),
(2789, '18190240', '2018-08-16', 3, '652749-B21-001', 'HP 1TB 6G SAS 7.2K 2.5\" HDD', '2BFVR023X6C47S', 1, 8, 'CC1819/08/0362', '2018-08-08', 1, '2019-08-07'),
(2790, '18190240', '2018-08-16', 3, '652749-B21-001', 'HP 1TB 6G SAS 7.2K 2.5\" HDD', '2BFVR023X8C0L9', 1, 8, 'CC1819/08/0362', '2018-08-08', 1, '2019-08-07'),
(2791, '18190261', '2018-08-29', 32, '458928-B21', 'HP 500GB SATA 3.5\" HDD', '2BNCR003H2S0GJ', 1, 8, 'CC1819/08/1342', '2018-08-28', 1, '2019-08-27'),
(2792, '18190262', '2018-08-31', 31, '286716-B22', '146.8GB UNIVERSAL HOT PLUG U320 SCSI HARD DRIVE', '4HRPLSC13W', 1, 8, 'CC1819/08/1405', '2018-08-29', 1, '2019-08-28'),
(2793, '18190262', '2018-08-31', 31, '286716-B22', '146.8GB UNIVERSAL HOT PLUG U320 SCSI HARD DRIVE', '2856B01CXQW0DJ', 1, 8, 'CC1819/08/1405', '2018-08-29', 1, '2019-08-28'),
(2794, '18190315', '2018-09-25', 2, '507121-B21', 'HPE 300GB 10K SAS HDD', '2BDBR013S2J6FQ', 1, 8, 'CC1819/08/1138', '2018-08-24', 1, '2019-08-23'),
(2795, '18190353', '2018-10-15', 31, 'AJ872B', 'HP 600GB 10K RPM DUAL PORT FC HDD', '2AJZT016CZF27B', 1, 8, 'CC1819/08/0248', '2018-08-06', 1, '2019-08-05'),
(2796, '18190353', '2018-10-15', 31, 'AJ872B', 'HP 600GB 10K RPM DUAL PORT FC HDD', '2AJZT016CYE4QJ', 1, 8, 'CC1819/10/0420', '2018-10-09', 1, '2019-10-08'),
(2797, '18190353', '2018-10-15', 31, 'AJ872B', 'HP 600GB 10K RPM DUAL PORT FC HDD', '2AJZT01331L0NS', 1, 8, 'CC1819/08/0248', '2018-08-06', 1, '2019-08-05'),
(2798, '18190353', '2018-10-15', 31, 'AJ872B', 'HP 600GB 10K RPM DUAL PORT FC HDD', '2AJZT01336V02M', 1, 8, 'CC1819/08/0248', '2018-08-06', 1, '2019-08-05'),
(2799, '18190353', '2018-10-15', 31, 'AJ872B', 'HP 600GB 10K RPM DUAL PORT FC HDD', '2AJZT01332C0HS', 1, 8, 'CC1819/10/0420', '2018-10-09', 1, '2019-10-08'),
(2800, '18190390', '2018-11-03', 28, 'JD118B', 'HPE X120 1G TRANSCEIVER', 'CN79GM9664', 1, 8, 'CC1819/10/0188', '2018-10-04', 1, '2019-10-03');
INSERT INTO `tblwarranty` (`warrId`, `citilInvoiceNo`, `citilInvoiceDate`, `custId`, `prodNo`, `prodDesc`, `prodSerial`, `prodQty`, `distId`, `distInvoiceNo`, `distInvoiceDate`, `warrExYears`, `warrExpDate`) VALUES
(2801, '18190390', '2018-11-03', 28, 'JD118B', 'HPE X120 1G TRANSCEIVER', 'CN79GM9296', 1, 8, 'CC1819/10/0188', '2018-10-04', 1, '2019-10-03'),
(2802, '18190390', '2018-11-03', 28, 'JD118B', 'HPE X120 1G TRANSCEIVER', 'MY78D4D06Z', 1, 8, 'CC1819/10/0188', '2018-10-04', 1, '2019-10-03'),
(2803, '18190390', '2018-11-03', 28, 'JD118B', 'HPE X120 1G TRANSCEIVER', 'MY78D4D00T', 1, 8, 'CC1819/10/0188', '2018-10-04', 1, '2019-10-03'),
(2804, '18190390', '2018-11-03', 28, 'JD118B', 'HPE X120 1G TRANSCEIVER', 'CN79GM92JD', 1, 8, 'CC1819/10/0188', '2018-10-04', 1, '2019-10-03'),
(2805, '18190390', '2018-11-03', 28, 'JD118B', 'HPE X120 1G TRANSCEIVER', 'MY78D4D0DJ', 1, 8, 'CC1819/10/0188', '2018-10-04', 1, '2019-10-03'),
(2806, '18190390', '2018-11-03', 28, 'JD118B', 'HPE X120 1G TRANSCEIVER', 'MY78D4D0DK', 1, 8, 'CC1819/10/0188', '2018-10-04', 1, '2019-10-03'),
(2807, '18190390', '2018-11-03', 28, 'JD118B', 'HPE X120 1G TRANSCEIVER', 'MY78D4D0DY', 1, 8, 'CC1819/10/0188', '2018-10-04', 1, '2019-10-03'),
(2808, '18190395', '2018-11-12', 62, '90Y3111', 'IBM 8GB PC3 12800 DDR3 RAM', '11S47J0169Y1Q0MS27A1DX', 1, 8, 'CC1819/11/0200', '2018-11-03', 1, '2019-11-02'),
(2809, '18190395', '2018-11-12', 62, '90Y3111', 'IBM 8GB PC3 12800 DDR3 RAM', '11S47J0169Y1Q0MS26Y09M', 1, 8, 'CC1819/11/0200', '2018-11-03', 1, '2019-11-02'),
(2810, '18190395', '2018-11-12', 62, '90Y3111', 'IBM 8GB PC3 12800 DDR3 RAM', '11S47J0169Y1Q0MS26Y09L', 1, 8, 'CC1819/11/0200', '2018-11-03', 1, '2019-11-02'),
(2811, '18190395', '2018-11-12', 62, '90Y3111', 'IBM 8GB PC3 12800 DDR3 RAM', '11S47J0169Y1Q0MS26Y09H', 1, 8, 'CC1819/11/0200', '2018-11-03', 1, '2019-11-02'),
(2812, '18190395', '2018-11-12', 62, '90Y3111', 'IBM 8GB PC3 12800 DDR3 RAM', '11S47J0169Y1Q0MS26Y011', 1, 8, 'CC1819/11/0200', '2018-11-03', 1, '2019-11-02'),
(2813, '18190395', '2018-11-12', 62, '90Y3111', 'IBM 8GB PC3 12800 DDR3 RAM', '11S47J0169Y1Q0MS2790VF', 1, 8, 'CC1819/11/0200', '2018-11-03', 1, '2019-11-02'),
(2814, '18190395', '2018-11-12', 62, '90Y3111', 'IBM 8GB PC3 12800 DDR3 RAM', '11S47J0169Y1Q0MS26Y07X', 1, 8, 'CC1819/11/0200', '2018-11-03', 1, '2019-11-02'),
(2815, '18190395', '2018-11-12', 62, '90Y3111', 'IBM 8GB PC3 12800 DDR3 RAM', '11S47J0169Y1Q0MS27A1E5', 1, 8, 'CC1819/11/0200', '2018-11-03', 1, '2019-11-02'),
(2816, '18190455', '2018-12-18', 5, '454146-B21', 'HP 1TB SATA 3.5\" HDD', '2AMZE013X0U17X', 1, 8, 'CC1819/12/0559', '2018-12-14', 1, '2019-12-13'),
(2817, '18190455', '2018-12-18', 5, '454146-B21', 'HP 1TB SATA 3.5\" HDD', '2AMZE013X0R2R1', 1, 8, 'CC1819/12/0559', '2018-12-14', 1, '2019-12-13'),
(2818, '18190478', '2018-12-27', 5, 'AJ941A', 'HP 1TB 7200 RPM HDD', '2BFVR013X1A031', 1, 8, 'CC1819/12/1131', '2018-12-26', 1, '2019-12-25'),
(2819, '18190478', '2018-12-27', 5, 'AJ941A', 'HP 1TB 7200 RPM HDD', '2BFVR023X7Z20G', 1, 8, 'CC1819/12/1131', '2018-12-26', 1, '2019-12-25'),
(2820, '18190534', '2019-01-24', 63, '488060-001', 'HP 300GB 3G 15K 3.5 SAS HDD', '2AYKA016CZ402D', 1, 8, 'CC1819/01/0877', '2019-01-21', 1, '2020-01-20'),
(2821, '18190545', '2019-01-28', 31, '286776-B22', 'HP 36GB 15K HDD', '25A35016CPHFS0', 1, 8, 'CC1819/01/1107', '2019-01-25', 1, '2020-01-24'),
(2822, '18190580', '2019-02-11', 64, 'J9151D', 'ARUBA 10G SFP LC LR', 'MY468XG011', 1, 8, 'CC1819/02/0293', '2019-02-09', 1, '2020-02-08'),
(2823, '18190580', '2019-02-11', 64, 'J9151D', 'ARUBA 10G SFP LC LR', 'MY468XG019', 1, 8, 'CC1819/01/0875', '2019-01-21', 1, '2020-01-20'),
(2824, '18190665', '2019-03-25', 45, '719073-B21', 'HP DL380 G9 SECONDARY RISER', 'PDPUN0AS59XG16', 1, 8, 'CC1819/03/0850', '2019-03-18', 1, '2020-03-16'),
(2830, 'CITIL2015-16/T116', '2015-06-30', 9, '719055-B21', 'HP Proliant DL380G8 Server', 'SGH523W48D', 1, 5, '2204809046', '2015-06-30', 5, '2020-06-23'),
(2827, 'CITIL/16-17/P338', '2016-10-07', 6, 'CR-10ing-FB', 'Cyberom Firewall', 'CA8616109084', 1, 7, 'PSI/W01/16/004331', '2016-10-07', 3, '2019-10-06'),
(2829, 'CITIL2015-16/T116', '2015-06-30', 9, '719055-B21', 'HP Proliant DL380G8 Server', 'SGH523W48C', 1, 5, '2204809046', '2015-06-30', 5, '2020-06-23'),
(2831, '18190079', '2018-05-07', 38, 'CPX-3042WN', 'HITACHI CPX PROJECTORS', 'F7KP01842', 1, 4, '18190078', '2018-04-16', 2, '2020-04-14'),
(2832, '18190079', '2018-05-07', 38, 'CPX-3042WN', 'HITACHI CPX PROJECTORS', 'F7KP01063', 1, 4, '18190078', '2018-04-16', 2, '2020-04-14'),
(2833, '18190205', '2018-07-27', 34, 'CPX-3042WN', 'HITACHI CPX-3042WN PROJECTOR', 'F7KP02035', 1, 4, '18190445', '2018-06-29', 2, '2020-06-27'),
(2834, '18190205', '2018-07-27', 34, 'CPX-3042WN', 'HITACHI CPX-3042WN PROJECTOR', 'F7KP02025', 1, 4, '18190445', '2018-06-29', 2, '2020-06-27'),
(2835, '18190629', '2019-03-11', 31, 'EB-X41', 'EPSON EB-X41 PROJECTOR', 'X4J28300027', 1, 3, '18191861', '2019-03-08', 1, '2020-03-06'),
(2836, 'CITIL/18-19/195', '2019-01-08', 53, ' - ', 'HP DESKJET 5075 PRINTER', 'TH7994C089', 1, 2, '115806', '2018-12-29', 1, '2019-12-28');

-- --------------------------------------------------------

--
-- Stand-in structure for view `vw5days`
-- (See below for the actual view)
--
DROP VIEW IF EXISTS `vw5days`;
CREATE TABLE IF NOT EXISTS `vw5days` (
`custName` varchar(40)
,`prodSerial` varchar(30)
,`prodDesc` varchar(60)
,`expDate` varchar(10)
,`AcMan` varchar(40)
,`Email` varchar(50)
,`Today` varchar(10)
,`DATE_ADD(NOW(), INTERVAL 5 DAY)` varchar(10)
);

-- --------------------------------------------------------

--
-- Stand-in structure for view `vw10days`
-- (See below for the actual view)
--
DROP VIEW IF EXISTS `vw10days`;
CREATE TABLE IF NOT EXISTS `vw10days` (
`custName` varchar(40)
,`prodSerial` varchar(30)
,`warrExpDate` date
,`NOW()` datetime
,`DATE_ADD(NOW(), INTERVAL 10 DAY)` datetime
);

-- --------------------------------------------------------

--
-- Stand-in structure for view `vw15days`
-- (See below for the actual view)
--
DROP VIEW IF EXISTS `vw15days`;
CREATE TABLE IF NOT EXISTS `vw15days` (
`custName` varchar(40)
,`prodSerial` varchar(30)
,`warrExpDate` date
,`NOW()` datetime
,`DATE_ADD(NOW(), INTERVAL 15 DAY)` datetime
);

-- --------------------------------------------------------

--
-- Stand-in structure for view `vw30days`
-- (See below for the actual view)
--
DROP VIEW IF EXISTS `vw30days`;
CREATE TABLE IF NOT EXISTS `vw30days` (
`custName` varchar(40)
,`prodSerial` varchar(30)
,`prodDesc` varchar(60)
,`expDate` varchar(10)
,`Today` varchar(10)
,`lastDate` varchar(10)
,`acManName` varchar(40)
,`Email` varchar(50)
);

-- --------------------------------------------------------

--
-- Stand-in structure for view `vw45days`
-- (See below for the actual view)
--
DROP VIEW IF EXISTS `vw45days`;
CREATE TABLE IF NOT EXISTS `vw45days` (
`custName` varchar(40)
,`prodSerial` varchar(30)
,`warrExpDate` date
,`NOW()` datetime
,`DATE_ADD(NOW(), INTERVAL 45 DAY)` datetime
);

-- --------------------------------------------------------

--
-- Stand-in structure for view `vw60days`
-- (See below for the actual view)
--
DROP VIEW IF EXISTS `vw60days`;
CREATE TABLE IF NOT EXISTS `vw60days` (
`custName` varchar(40)
,`prodSerial` varchar(30)
,`prodDesc` varchar(60)
,`expDate` varchar(10)
,`Today` varchar(10)
,`lastDate` varchar(10)
,`acManName` varchar(40)
,`Email` varchar(50)
);

-- --------------------------------------------------------

--
-- Stand-in structure for view `vw90days`
-- (See below for the actual view)
--
DROP VIEW IF EXISTS `vw90days`;
CREATE TABLE IF NOT EXISTS `vw90days` (
`custName` varchar(40)
,`prodSerial` varchar(30)
,`prodDesc` varchar(60)
,`warrExpDate` varchar(10)
,`Manager` varchar(40)
,`Email` varchar(50)
,`Today` varchar(10)
,`DATE_ADD(NOW(), INTERVAL 90 DAY)` varchar(10)
);

-- --------------------------------------------------------

--
-- Stand-in structure for view `vwcustomermanager`
-- (See below for the actual view)
--
DROP VIEW IF EXISTS `vwcustomermanager`;
CREATE TABLE IF NOT EXISTS `vwcustomermanager` (
`custManId` int(11)
,`custId` int(11)
,`acManId` int(11)
,`custName` varchar(40)
,`acManName` varchar(40)
,`Email` varchar(50)
);

-- --------------------------------------------------------

--
-- Stand-in structure for view `vwwarranty`
-- (See below for the actual view)
--
DROP VIEW IF EXISTS `vwwarranty`;
CREATE TABLE IF NOT EXISTS `vwwarranty` (
`warrId` int(11)
,`citilInvoiceNo` varchar(40)
,`citilInvoiceDate` date
,`custId` int(11)
,`prodNo` varchar(30)
,`prodDesc` varchar(60)
,`prodSerial` varchar(30)
,`prodQty` int(11)
,`distId` int(11)
,`distInvoiceNo` varchar(40)
,`distInvoiceDate` date
,`warrExYears` int(11)
,`warrExpDate` date
,`custName` varchar(40)
,`distName` varchar(40)
,`Manager` varchar(40)
);

-- --------------------------------------------------------

--
-- Structure for view `vw5days`
--
DROP TABLE IF EXISTS `vw5days`;

CREATE ALGORITHM=UNDEFINED DEFINER=`root`@`localhost` SQL SECURITY DEFINER VIEW `vw5days`  AS  select `w`.`custName` AS `custName`,`w`.`prodSerial` AS `prodSerial`,`w`.`prodDesc` AS `prodDesc`,date_format(`w`.`warrExpDate`,'%d-%m-%Y') AS `expDate`,`m`.`acManName` AS `AcMan`,`m`.`Email` AS `Email`,date_format(now(),'%d-%m-%Y') AS `Today`,date_format((now() + interval 5 day),'%d-%m-%Y') AS `DATE_ADD(NOW(), INTERVAL 5 DAY)` from (`vwwarranty` `w` join `vwcustomermanager` `m`) where ((`w`.`warrExpDate` between now() and (now() + interval 5 day)) and (`m`.`custId` = `w`.`custId`)) ;

-- --------------------------------------------------------

--
-- Structure for view `vw10days`
--
DROP TABLE IF EXISTS `vw10days`;

CREATE ALGORITHM=UNDEFINED DEFINER=`root`@`localhost` SQL SECURITY DEFINER VIEW `vw10days`  AS  select `vwwarranty`.`custName` AS `custName`,`vwwarranty`.`prodSerial` AS `prodSerial`,`vwwarranty`.`warrExpDate` AS `warrExpDate`,now() AS `NOW()`,(now() + interval 10 day) AS `DATE_ADD(NOW(), INTERVAL 10 DAY)` from `vwwarranty` where (`vwwarranty`.`warrExpDate` between now() and (now() + interval 10 day)) ;

-- --------------------------------------------------------

--
-- Structure for view `vw15days`
--
DROP TABLE IF EXISTS `vw15days`;

CREATE ALGORITHM=UNDEFINED DEFINER=`root`@`localhost` SQL SECURITY DEFINER VIEW `vw15days`  AS  select `vwwarranty`.`custName` AS `custName`,`vwwarranty`.`prodSerial` AS `prodSerial`,`vwwarranty`.`warrExpDate` AS `warrExpDate`,now() AS `NOW()`,(now() + interval 15 day) AS `DATE_ADD(NOW(), INTERVAL 15 DAY)` from `vwwarranty` where (`vwwarranty`.`warrExpDate` between now() and (now() + interval 15 day)) ;

-- --------------------------------------------------------

--
-- Structure for view `vw30days`
--
DROP TABLE IF EXISTS `vw30days`;

CREATE ALGORITHM=UNDEFINED DEFINER=`root`@`localhost` SQL SECURITY DEFINER VIEW `vw30days`  AS  select `w`.`custName` AS `custName`,`w`.`prodSerial` AS `prodSerial`,`w`.`prodDesc` AS `prodDesc`,date_format(`w`.`warrExpDate`,'%d-%m-%Y') AS `expDate`,date_format(now(),'%d-%m-%Y') AS `Today`,date_format((now() + interval 60 day),'%d-%m-%Y') AS `lastDate`,`m`.`acManName` AS `acManName`,`m`.`Email` AS `Email` from (`vwwarranty` `w` join `vwcustomermanager` `m`) where ((`w`.`warrExpDate` between (now() + interval 25 day) and (now() + interval 31 day)) and (`m`.`custId` = `w`.`custId`)) ;

-- --------------------------------------------------------

--
-- Structure for view `vw45days`
--
DROP TABLE IF EXISTS `vw45days`;

CREATE ALGORITHM=UNDEFINED DEFINER=`root`@`localhost` SQL SECURITY DEFINER VIEW `vw45days`  AS  select `vwwarranty`.`custName` AS `custName`,`vwwarranty`.`prodSerial` AS `prodSerial`,`vwwarranty`.`warrExpDate` AS `warrExpDate`,now() AS `NOW()`,(now() + interval 45 day) AS `DATE_ADD(NOW(), INTERVAL 45 DAY)` from `vwwarranty` where (`vwwarranty`.`warrExpDate` between now() and (now() + interval 45 day)) ;

-- --------------------------------------------------------

--
-- Structure for view `vw60days`
--
DROP TABLE IF EXISTS `vw60days`;

CREATE ALGORITHM=UNDEFINED DEFINER=`root`@`localhost` SQL SECURITY DEFINER VIEW `vw60days`  AS  select `w`.`custName` AS `custName`,`w`.`prodSerial` AS `prodSerial`,`w`.`prodDesc` AS `prodDesc`,date_format(`w`.`warrExpDate`,'%d-%m-%Y') AS `expDate`,date_format(now(),'%d-%m-%Y') AS `Today`,date_format((now() + interval 60 day),'%d-%m-%Y') AS `lastDate`,`m`.`acManName` AS `acManName`,`m`.`Email` AS `Email` from (`vwwarranty` `w` join `vwcustomermanager` `m`) where ((`w`.`warrExpDate` between (now() + interval 55 day) and (now() + interval 61 day)) and (`m`.`custId` = `w`.`custId`)) ;

-- --------------------------------------------------------

--
-- Structure for view `vw90days`
--
DROP TABLE IF EXISTS `vw90days`;

CREATE ALGORITHM=UNDEFINED DEFINER=`root`@`localhost` SQL SECURITY DEFINER VIEW `vw90days`  AS  select `w`.`custName` AS `custName`,`w`.`prodSerial` AS `prodSerial`,`w`.`prodDesc` AS `prodDesc`,date_format(`w`.`warrExpDate`,'%d-%m-%Y') AS `warrExpDate`,`c`.`acManName` AS `Manager`,`c`.`Email` AS `Email`,date_format(now(),'%d-%m-%Y') AS `Today`,date_format((now() + interval 90 day),'%d-%m-%Y') AS `DATE_ADD(NOW(), INTERVAL 90 DAY)` from (`vwwarranty` `w` join `vwcustomermanager` `c`) where ((`w`.`warrExpDate` between (now() + interval 85 day) and (now() + interval 91 day)) and (`c`.`custId` = `w`.`custId`)) ;

-- --------------------------------------------------------

--
-- Structure for view `vwcustomermanager`
--
DROP TABLE IF EXISTS `vwcustomermanager`;

CREATE ALGORITHM=UNDEFINED DEFINER=`root`@`localhost` SQL SECURITY DEFINER VIEW `vwcustomermanager`  AS  select `cm`.`custManId` AS `custManId`,`cm`.`custId` AS `custId`,`cm`.`acManId` AS `acManId`,`c`.`custName` AS `custName`,`a`.`acManName` AS `acManName`,`a`.`acManEmail` AS `Email` from ((`tblcustomermanager` `cm` join `tblcustomers` `c`) join `tblacmanagers` `a`) where ((`c`.`custId` = `cm`.`custId`) and (`a`.`acManId` = `cm`.`acManId`)) ;

-- --------------------------------------------------------

--
-- Structure for view `vwwarranty`
--
DROP TABLE IF EXISTS `vwwarranty`;

CREATE ALGORITHM=UNDEFINED DEFINER=`root`@`localhost` SQL SECURITY DEFINER VIEW `vwwarranty`  AS  select `tblwarranty`.`warrId` AS `warrId`,`tblwarranty`.`citilInvoiceNo` AS `citilInvoiceNo`,`tblwarranty`.`citilInvoiceDate` AS `citilInvoiceDate`,`tblwarranty`.`custId` AS `custId`,`tblwarranty`.`prodNo` AS `prodNo`,`tblwarranty`.`prodDesc` AS `prodDesc`,`tblwarranty`.`prodSerial` AS `prodSerial`,`tblwarranty`.`prodQty` AS `prodQty`,`tblwarranty`.`distId` AS `distId`,`tblwarranty`.`distInvoiceNo` AS `distInvoiceNo`,`tblwarranty`.`distInvoiceDate` AS `distInvoiceDate`,`tblwarranty`.`warrExYears` AS `warrExYears`,`tblwarranty`.`warrExpDate` AS `warrExpDate`,`tblcustomers`.`custName` AS `custName`,`tbldistributors`.`distName` AS `distName`,`vwcustomermanager`.`acManName` AS `Manager` from (((`tblwarranty` join `tblcustomers`) join `tbldistributors`) join `vwcustomermanager`) where ((`tblcustomers`.`custId` = `tblwarranty`.`custId`) and (`tbldistributors`.`distId` = `tblwarranty`.`distId`) and (`vwcustomermanager`.`custId` = `tblwarranty`.`custId`)) ;
COMMIT;

/*!40101 SET CHARACTER_SET_CLIENT=@OLD_CHARACTER_SET_CLIENT */;
/*!40101 SET CHARACTER_SET_RESULTS=@OLD_CHARACTER_SET_RESULTS */;
/*!40101 SET COLLATION_CONNECTION=@OLD_COLLATION_CONNECTION */;
